"Month|Avg. Players|Gain|% Gain|Peak Players"|Source File|Month|Avg. Players|Gain|%_Gain|Peak Players
"February 2024 |240.7|-50.0|-17.21|394"|Binding_Of_Issac|||||
"January 2024 |290.7|6.3|2.23|470"|Binding_Of_Issac|||||
"December 2023 |284.4|47.5|20.07|565"|Binding_Of_Issac|||||
"November 2023 |236.8|2.1|0.88|408"|Binding_Of_Issac|||||
"October 2023 |234.8|-7.5|-3.11|418"|Binding_Of_Issac|||||
"September 2023 |242.3|15.7|6.92|486"|Binding_Of_Issac|||||
"August 2023 |226.6|-16.6|-6.81|394"|Binding_Of_Issac|||||
"July 2023 |243.2|25.1|11.54|378"|Binding_Of_Issac|||||
"June 2023 |218.0|14.7|7.22|423"|Binding_Of_Issac|||||
"May 2023 |203.3|1.1|0.54|351"|Binding_Of_Issac|||||
"April 2023 |202.2|6.8|3.49|338"|Binding_Of_Issac|||||
"March 2023 |195.4|-8.5|-4.16|309"|Binding_Of_Issac|||||
"February 2023 |203.9|4.1|2.05|325"|Binding_Of_Issac|||||
"January 2023 |199.8|6.5|3.37|309"|Binding_Of_Issac|||||
"December 2022 |193.3|-8.8|-4.33|317"|Binding_Of_Issac|||||
"November 2022 |202.0|-13.8|-6.4|324"|Binding_Of_Issac|||||
"October 2022 |215.8|3.3|1.57|330"|Binding_Of_Issac|||||
"September 2022 |212.5|-7.3|-3.32|341"|Binding_Of_Issac|||||
"August 2022 |219.8|-5.6|-2.5|316"|Binding_Of_Issac|||||
"July 2022 |225.4|1.2|0.52|313"|Binding_Of_Issac|||||
"June 2022 |224.3|-13.8|-5.81|319"|Binding_Of_Issac|||||
"May 2022 |238.1|-49.8|-17.3|364"|Binding_Of_Issac|||||
"April 2022 |287.9|-26.4|-8.4|465"|Binding_Of_Issac|||||
"March 2022 |314.3|16.4|5.51|686"|Binding_Of_Issac|||||
"February 2022 |297.9|-114.3|-27.73|438"|Binding_Of_Issac|||||
"January 2022 |412.2|-73.8|-15.19|814"|Binding_Of_Issac|||||
"December 2021 |486.1|85.0|21.18|1171"|Binding_Of_Issac|||||
"November 2021 |401.1|188.5|88.65|1416"|Binding_Of_Issac|||||
"October 2021 |212.6|13.6|6.82|782"|Binding_Of_Issac|||||
"September 2021 |199.1|-17.6|-8.12|300"|Binding_Of_Issac|||||
"August 2021 |216.6|-8.6|-3.83|315"|Binding_Of_Issac|||||
"July 2021 |225.3|-49.9|-18.12|327"|Binding_Of_Issac|||||
"June 2021 |275.1|-62.4|-18.49|431"|Binding_Of_Issac|||||
"May 2021 |337.6|-61.3|-15.38|563"|Binding_Of_Issac|||||
"April 2021 |398.9|96.7|32.0|609"|Binding_Of_Issac|||||
"March 2021 |302.2|-70.1|-18.83|431"|Binding_Of_Issac|||||
"February 2021 |372.3|-17.2|-4.42|557"|Binding_Of_Issac|||||
"January 2021 |389.5|162.4|71.48|1159"|Binding_Of_Issac|||||
"December 2020 |227.1|-22.5|-9.02|319"|Binding_Of_Issac|||||
"November 2020 |249.7|6.7|2.76|358"|Binding_Of_Issac|||||
"October 2020 |242.9|3.1|1.29|350"|Binding_Of_Issac|||||
"September 2020 |239.8|7.2|3.09|365"|Binding_Of_Issac|||||
"August 2020 |232.7|3.3|1.43|324"|Binding_Of_Issac|||||
"July 2020 |229.4|-16.9|-6.88|331"|Binding_Of_Issac|||||
"June 2020 |246.3|-39.4|-13.79|370"|Binding_Of_Issac|||||
"May 2020 |285.8|-51.3|-15.21|413"|Binding_Of_Issac|||||
"April 2020 |337.0|24.6|7.88|492"|Binding_Of_Issac|||||
"March 2020 |312.4|67.7|27.65|505"|Binding_Of_Issac|||||
"February 2020 |244.7|12.9|5.59|355"|Binding_Of_Issac|||||
"January 2020 |231.8|-0.9|-0.39|343"|Binding_Of_Issac|||||
"December 2019 |232.7|-13.4|-5.44|375"|Binding_Of_Issac|||||
"November 2019 |246.1|15.7|6.79|383"|Binding_Of_Issac|||||
"October 2019 |230.4|4.7|2.08|386"|Binding_Of_Issac|||||
"September 2019 |225.7|12.4|5.81|379"|Binding_Of_Issac|||||
"August 2019 |213.3|-2.0|-0.92|335"|Binding_Of_Issac|||||
"July 2019 |215.3|-40.2|-15.73|315"|Binding_Of_Issac|||||
"June 2019 |255.5|-8.8|-3.34|381"|Binding_Of_Issac|||||
"May 2019 |264.3|0.9|0.35|477"|Binding_Of_Issac|||||
"April 2019 |263.4|-29.6|-10.09|435"|Binding_Of_Issac|||||
"March 2019 |292.9|7.6|2.67|457"|Binding_Of_Issac|||||
"February 2019 |285.3|-7.2|-2.46|442"|Binding_Of_Issac|||||
"January 2019 |292.5|-1.2|-0.4|460"|Binding_Of_Issac|||||
"December 2018 |293.7|10.8|3.82|466"|Binding_Of_Issac|||||
"November 2018 |282.9|-0.3|-0.11|473"|Binding_Of_Issac|||||
"October 2018 |283.2|-0.1|-0.04|475"|Binding_Of_Issac|||||
"September 2018 |283.3|-9.6|-3.28|458"|Binding_Of_Issac|||||
"August 2018 |292.9|-20.6|-6.57|448"|Binding_Of_Issac|||||
"July 2018 |313.5|-37.1|-10.58|462"|Binding_Of_Issac|||||
"June 2018 |350.6|-25.0|-6.66|563"|Binding_Of_Issac|||||
"May 2018 |375.6|35.6|10.48|616"|Binding_Of_Issac|||||
"April 2018 |340.0|-23.6|-6.49|567"|Binding_Of_Issac|||||
"March 2018 |363.6|-37.1|-9.26|572"|Binding_Of_Issac|||||
"February 2018 |400.7|-54.3|-11.93|611"|Binding_Of_Issac|||||
"January 2018 |455.0|-244.8|-34.98|674"|Binding_Of_Issac|||||
"December 2017 |699.8|374.1|114.88|2013"|Binding_Of_Issac|||||
"November 2017 |325.6|-23.7|-6.79|633"|Binding_Of_Issac|||||
"October 2017 |349.4|2.5|0.72|594"|Binding_Of_Issac|||||
"September 2017 |346.9|-0.1|-0.04|550"|Binding_Of_Issac|||||
"August 2017 |347.0|-14.9|-4.11|496"|Binding_Of_Issac|||||
"July 2017 |361.9|-33.0|-8.36|544"|Binding_Of_Issac|||||
"June 2017 |394.9|-11.3|-2.78|612"|Binding_Of_Issac|||||
"May 2017 |406.2|-20.9|-4.9|659"|Binding_Of_Issac|||||
"April 2017 |427.1|-26.9|-5.93|675"|Binding_Of_Issac|||||
"March 2017 |454.1|-87.2|-16.11|739"|Binding_Of_Issac|||||
"February 2017 |541.2|-46.8|-7.96|909"|Binding_Of_Issac|||||
"January 2017 |588.0|152.7|35.06|990"|Binding_Of_Issac|||||
"December 2016 |435.4|-14.4|-3.21|703"|Binding_Of_Issac|||||
"November 2016 |449.8|26.9|6.36|774"|Binding_Of_Issac|||||
"October 2016 |422.9|41.8|10.97|853"|Binding_Of_Issac|||||
"September 2016 |381.1|-14.0|-3.54|649"|Binding_Of_Issac|||||
"August 2016 |395.1|-46.8|-10.58|632"|Binding_Of_Issac|||||
"July 2016 |441.8|3.0|0.69|752"|Binding_Of_Issac|||||
"June 2016 |438.8|12.1|2.83|739"|Binding_Of_Issac|||||
"May 2016 |426.7|-43.7|-9.3|793"|Binding_Of_Issac|||||
"April 2016 |470.5|-41.6|-8.13|784"|Binding_Of_Issac|||||
"March 2016 |512.1|-72.8|-12.45|880"|Binding_Of_Issac|||||
"February 2016 |584.9|-122.2|-17.29|1031"|Binding_Of_Issac|||||
"January 2016 |707.2|-250.1|-26.12|1182"|Binding_Of_Issac|||||
"December 2015 |957.2|-518.8|-35.15|1739"|Binding_Of_Issac|||||
"November 2015 |1476.0|744.0|101.65|4269"|Binding_Of_Issac|||||
"October 2015 |732.0|119.8|19.57|3699"|Binding_Of_Issac|||||
"September 2015 |612.2|-29.7|-4.63|1077"|Binding_Of_Issac|||||
"August 2015 |641.9|23.0|3.72|1015"|Binding_Of_Issac|||||
"July 2015 |618.8|-106.2|-14.64|903"|Binding_Of_Issac|||||
"June 2015 |725.0|-285.6|-28.26|1265"|Binding_Of_Issac|||||
"May 2015 |1010.5|165.2|19.54|1977"|Binding_Of_Issac|||||
"April 2015 |845.4|-111.9|-11.69|1836"|Binding_Of_Issac|||||
"March 2015 |957.2|-280.6|-22.67|1873"|Binding_Of_Issac|||||
"February 2015 |1237.8|-525.0|-29.78|2286"|Binding_Of_Issac|||||
"January 2015 |1762.9|-614.2|-25.84|3940"|Binding_Of_Issac|||||
"December 2014 |2377.1|-682.2|-22.3|4923"|Binding_Of_Issac|||||
"November 2014 |3059.2|-155.9|-4.85|7970"|Binding_Of_Issac|||||
"October 2014 |3215.1|395.6|14.03|5769"|Binding_Of_Issac|||||
"September 2014 |2819.6|185.2|7.03|6127"|Binding_Of_Issac|||||
"August 2014 |2634.4|-132.7|-4.8|3793"|Binding_Of_Issac|||||
"July 2014 |2767.2|-141.2|-4.85|4086"|Binding_Of_Issac|||||
"June 2014 |2908.3|38.5|1.34|4339"|Binding_Of_Issac|||||
"May 2014 |2869.8|783.9|37.58|5800"|Binding_Of_Issac|||||
"April 2014 |2086.0|-90.4|-4.15|3154"|Binding_Of_Issac|||||
"March 2014 |2176.3|-343.1|-13.62|3647"|Binding_Of_Issac|||||
"February 2014 |2519.4|-222.1|-8.1|4071"|Binding_Of_Issac|||||
"January 2014 |2741.5|230.5|9.18|4483"|Binding_Of_Issac|||||
"December 2013 |2511.1|91.1|3.76|4696"|Binding_Of_Issac|||||
"November 2013 |2419.9|-16.3|-0.67|4121"|Binding_Of_Issac|||||
"October 2013 |2436.2|-49.6|-1.99|4273"|Binding_Of_Issac|||||
"September 2013 |2485.8|-331.3|-11.76|7093"|Binding_Of_Issac|||||
"August 2013 |2817.1|-439.3|-13.49|4324"|Binding_Of_Issac|||||
"July 2013 |3256.4|681.2|26.45|6520"|Binding_Of_Issac|||||
"June 2013 |2575.2|477.4|22.76|12295"|Binding_Of_Issac|||||
"May 2013 |2097.8|-67.8|-3.13|3416"|Binding_Of_Issac|||||
"April 2013 |2165.7|-14.5|-0.66|3735"|Binding_Of_Issac|||||
"March 2013 |2180.2|-187.2|-7.91|4442"|Binding_Of_Issac|||||
"February 2013 |2367.4|-691.5|-22.61|4427"|Binding_Of_Issac|||||
"January 2013 |3058.8|741.8|32.01|6115"|Binding_Of_Issac|||||
"December 2012 |2317.1|756.9|48.51|4657"|Binding_Of_Issac|||||
"November 2012 |1560.2|-83.7|-5.09|2806"|Binding_Of_Issac|||||
"October 2012 |1643.9|-513.9|-23.82|3252"|Binding_Of_Issac|||||
"September 2012 |2157.8|-922.4|-29.95|4186"|Binding_Of_Issac|||||
"August 2012 |3080.2|-1896.1|-38.1|5412"|Binding_Of_Issac|||||
"February 2024 |18618.1|-1771.0|-8.69|27244"|Binding_Of_Issac_Rebirth|||||
"January 2024 |20389.1|3011.9|17.33|30548"|Binding_Of_Issac_Rebirth|||||
"December 2023 |17377.2|2186.9|14.4|27507"|Binding_Of_Issac_Rebirth|||||
"November 2023 |15190.3|-873.9|-5.44|23825"|Binding_Of_Issac_Rebirth|||||
"October 2023 |16064.2|2182.2|15.72|25701"|Binding_Of_Issac_Rebirth|||||
"September 2023 |13882.0|447.4|3.33|21930"|Binding_Of_Issac_Rebirth|||||
"August 2023 |13434.5|-793.6|-5.58|18588"|Binding_Of_Issac_Rebirth|||||
"July 2023 |14228.1|1461.8|11.45|18686"|Binding_Of_Issac_Rebirth|||||
"June 2023 |12766.4|-708.5|-5.26|18355"|Binding_Of_Issac_Rebirth|||||
"May 2023 |13474.9|-821.6|-5.75|20420"|Binding_Of_Issac_Rebirth|||||
"April 2023 |14296.5|-44.0|-0.31|21643"|Binding_Of_Issac_Rebirth|||||
"March 2023 |14340.5|-598.6|-4.01|21741"|Binding_Of_Issac_Rebirth|||||
"February 2023 |14939.1|-416.0|-2.71|21953"|Binding_Of_Issac_Rebirth|||||
"January 2023 |15355.1|2817.3|22.47|21061"|Binding_Of_Issac_Rebirth|||||
"December 2022 |12537.8|444.9|3.68|18304"|Binding_Of_Issac_Rebirth|||||
"November 2022 |12092.9|203.8|1.71|18913"|Binding_Of_Issac_Rebirth|||||
"October 2022 |11889.1|-1283.6|-9.74|18301"|Binding_Of_Issac_Rebirth|||||
"September 2022 |13172.6|-889.5|-6.33|20119"|Binding_Of_Issac_Rebirth|||||
"August 2022 |14062.2|404.1|2.96|20465"|Binding_Of_Issac_Rebirth|||||
"July 2022 |13658.0|1299.1|10.51|18085"|Binding_Of_Issac_Rebirth|||||
"June 2022 |12358.9|-241.0|-1.91|17628"|Binding_Of_Issac_Rebirth|||||
"May 2022 |12599.9|-1669.3|-11.7|18577"|Binding_Of_Issac_Rebirth|||||
"April 2022 |14269.2|1602.3|12.65|21105"|Binding_Of_Issac_Rebirth|||||
"March 2022 |12666.9|-1458.7|-10.33|21965"|Binding_Of_Issac_Rebirth|||||
"February 2022 |14125.5|-1966.5|-12.22|20399"|Binding_Of_Issac_Rebirth|||||
"January 2022 |16092.1|1788.6|12.5|22615"|Binding_Of_Issac_Rebirth|||||
"December 2021 |14303.5|690.5|5.07|20949"|Binding_Of_Issac_Rebirth|||||
"November 2021 |13613.0|1329.5|10.82|21453"|Binding_Of_Issac_Rebirth|||||
"October 2021 |12283.5|-830.9|-6.34|18974"|Binding_Of_Issac_Rebirth|||||
"September 2021 |13114.4|-2507.3|-16.05|19815"|Binding_Of_Issac_Rebirth|||||
"August 2021 |15621.8|-2323.7|-12.95|21264"|Binding_Of_Issac_Rebirth|||||
"July 2021 |17945.5|-4856.9|-21.3|26686"|Binding_Of_Issac_Rebirth|||||
"June 2021 |22802.4|-11551.3|-33.62|36597"|Binding_Of_Issac_Rebirth|||||
"May 2021 |34353.7|-11708.8|-25.42|55851"|Binding_Of_Issac_Rebirth|||||
"April 2021 |46062.4|37549.5|441.09|70483"|Binding_Of_Issac_Rebirth|||||
"March 2021 |8512.9|862.1|11.27|58791"|Binding_Of_Issac_Rebirth|||||
"February 2021 |7650.8|-105.3|-1.36|10422"|Binding_Of_Issac_Rebirth|||||
"January 2021 |7756.1|1611.1|26.22|12679"|Binding_Of_Issac_Rebirth|||||
"December 2020 |6145.0|61.3|1.01|8805"|Binding_Of_Issac_Rebirth|||||
"November 2020 |6083.8|301.7|5.22|8413"|Binding_Of_Issac_Rebirth|||||
"October 2020 |5782.1|236.5|4.26|8405"|Binding_Of_Issac_Rebirth|||||
"September 2020 |5545.6|-77.6|-1.38|7987"|Binding_Of_Issac_Rebirth|||||
"August 2020 |5623.2|-535.9|-8.7|7761"|Binding_Of_Issac_Rebirth|||||
"July 2020 |6159.1|355.1|6.12|8437"|Binding_Of_Issac_Rebirth|||||
"June 2020 |5804.1|-304.0|-4.98|7976"|Binding_Of_Issac_Rebirth|||||
"May 2020 |6108.1|-576.5|-8.62|8308"|Binding_Of_Issac_Rebirth|||||
"April 2020 |6684.6|209.9|3.24|10321"|Binding_Of_Issac_Rebirth|||||
"March 2020 |6474.6|581.6|9.87|9192"|Binding_Of_Issac_Rebirth|||||
"February 2020 |5893.0|515.1|9.58|8126"|Binding_Of_Issac_Rebirth|||||
"January 2020 |5377.9|174.1|3.35|7816"|Binding_Of_Issac_Rebirth|||||
"December 2019 |5203.8|167.7|3.33|7576"|Binding_Of_Issac_Rebirth|||||
"November 2019 |5036.1|724.3|16.8|7814"|Binding_Of_Issac_Rebirth|||||
"October 2019 |4311.8|216.8|5.29|6751"|Binding_Of_Issac_Rebirth|||||
"September 2019 |4095.0|137.0|3.46|6720"|Binding_Of_Issac_Rebirth|||||
"August 2019 |3958.0|-87.1|-2.15|5803"|Binding_Of_Issac_Rebirth|||||
"July 2019 |4045.1|-356.1|-8.09|5612"|Binding_Of_Issac_Rebirth|||||
"June 2019 |4401.2|-319.0|-6.76|6433"|Binding_Of_Issac_Rebirth|||||
"May 2019 |4720.3|16.4|0.35|7905"|Binding_Of_Issac_Rebirth|||||
"April 2019 |4703.9|-646.3|-12.08|7395"|Binding_Of_Issac_Rebirth|||||
"March 2019 |5350.2|-147.7|-2.69|8332"|Binding_Of_Issac_Rebirth|||||
"February 2019 |5497.9|-363.5|-6.2|8384"|Binding_Of_Issac_Rebirth|||||
"January 2019 |5861.4|240.9|4.29|9052"|Binding_Of_Issac_Rebirth|||||
"December 2018 |5620.5|-206.4|-3.54|9089"|Binding_Of_Issac_Rebirth|||||
"November 2018 |5827.0|645.9|12.47|9315"|Binding_Of_Issac_Rebirth|||||
"October 2018 |5181.1|402.5|8.42|8602"|Binding_Of_Issac_Rebirth|||||
"September 2018 |4778.7|95.9|2.05|7778"|Binding_Of_Issac_Rebirth|||||
"August 2018 |4682.8|-829.0|-15.04|6956"|Binding_Of_Issac_Rebirth|||||
"July 2018 |5511.8|-490.7|-8.17|8192"|Binding_Of_Issac_Rebirth|||||
"June 2018 |6002.5|-1659.6|-21.66|9603"|Binding_Of_Issac_Rebirth|||||
"May 2018 |7662.0|2872.8|59.99|13151"|Binding_Of_Issac_Rebirth|||||
"April 2018 |4789.2|-100.7|-2.06|7795"|Binding_Of_Issac_Rebirth|||||
"March 2018 |4889.9|-571.4|-10.46|7504"|Binding_Of_Issac_Rebirth|||||
"February 2018 |5461.3|-373.9|-6.41|8115"|Binding_Of_Issac_Rebirth|||||
"January 2018 |5835.2|52.6|0.91|8407"|Binding_Of_Issac_Rebirth|||||
"December 2017 |5782.6|268.3|4.86|8707"|Binding_Of_Issac_Rebirth|||||
"November 2017 |5514.3|117.2|2.17|8431"|Binding_Of_Issac_Rebirth|||||
"October 2017 |5397.1|336.4|6.65|8245"|Binding_Of_Issac_Rebirth|||||
"September 2017 |5060.7|-232.6|-4.39|7931"|Binding_Of_Issac_Rebirth|||||
"August 2017 |5293.3|-773.2|-12.75|7369"|Binding_Of_Issac_Rebirth|||||
"July 2017 |6066.5|-174.8|-2.8|8628"|Binding_Of_Issac_Rebirth|||||
"June 2017 |6241.3|260.8|4.36|10755"|Binding_Of_Issac_Rebirth|||||
"May 2017 |5980.5|-872.2|-12.73|9649"|Binding_Of_Issac_Rebirth|||||
"April 2017 |6852.7|-1180.4|-14.69|10848"|Binding_Of_Issac_Rebirth|||||
"March 2017 |8033.1|-3397.3|-29.72|13053"|Binding_Of_Issac_Rebirth|||||
"February 2017 |11430.4|-5487.6|-32.44|20039"|Binding_Of_Issac_Rebirth|||||
"January 2017 |16918.0|9741.9|135.75|39579"|Binding_Of_Issac_Rebirth|||||
"December 2016 |7176.2|1191.8|19.92|14985"|Binding_Of_Issac_Rebirth|||||
"November 2016 |5984.4|702.5|13.3|9348"|Binding_Of_Issac_Rebirth|||||
"October 2016 |5281.8|224.3|4.43|8266"|Binding_Of_Issac_Rebirth|||||
"September 2016 |5057.5|-158.7|-3.04|7930"|Binding_Of_Issac_Rebirth|||||
"August 2016 |5216.2|-30.7|-0.58|7921"|Binding_Of_Issac_Rebirth|||||
"July 2016 |5246.9|109.9|2.14|7432"|Binding_Of_Issac_Rebirth|||||
"June 2016 |5136.9|-219.5|-4.1|7623"|Binding_Of_Issac_Rebirth|||||
"May 2016 |5356.4|-440.4|-7.6|8242"|Binding_Of_Issac_Rebirth|||||
"April 2016 |5796.8|-1657.4|-22.23|10487"|Binding_Of_Issac_Rebirth|||||
"March 2016 |7454.2|-1825.2|-19.67|12070"|Binding_Of_Issac_Rebirth|||||
"February 2016 |9279.4|-2492.6|-21.17|15221"|Binding_Of_Issac_Rebirth|||||
"January 2016 |11772.0|-2439.1|-17.16|20743"|Binding_Of_Issac_Rebirth|||||
"December 2015 |14211.1|-5670.0|-28.52|23397"|Binding_Of_Issac_Rebirth|||||
"November 2015 |19881.1|11573.0|139.3|53281"|Binding_Of_Issac_Rebirth|||||
"October 2015 |8308.1|2405.1|40.74|69673"|Binding_Of_Issac_Rebirth|||||
"September 2015 |5903.0|66.3|1.14|10247"|Binding_Of_Issac_Rebirth|||||
"August 2015 |5836.7|491.4|9.19|8727"|Binding_Of_Issac_Rebirth|||||
"July 2015 |5345.3|-704.8|-11.65|7729"|Binding_Of_Issac_Rebirth|||||
"June 2015 |6050.1|354.1|6.22|9711"|Binding_Of_Issac_Rebirth|||||
"May 2015 |5696.0|-133.1|-2.28|9105"|Binding_Of_Issac_Rebirth|||||
"April 2015 |5829.1|-1220.3|-17.31|9538"|Binding_Of_Issac_Rebirth|||||
"March 2015 |7049.4|-1113.1|-13.64|12872"|Binding_Of_Issac_Rebirth|||||
"February 2015 |8162.5|-2894.2|-26.18|14707"|Binding_Of_Issac_Rebirth|||||
"January 2015 |11056.7|-2317.4|-17.33|19888"|Binding_Of_Issac_Rebirth|||||
"December 2014 |13374.0|-5979.9|-30.9|22392"|Binding_Of_Issac_Rebirth|||||
"February 2024 |102.7|0.2|0.16|189"|Crypt_Of_The_NecroDancer|||||
"January 2024 |102.5|-7.3|-6.63|159"|Crypt_Of_The_NecroDancer|||||
"December 2023 |109.8|-13.2|-10.75|176"|Crypt_Of_The_NecroDancer|||||
"November 2023 |123.0|-10.7|-8.0|224"|Crypt_Of_The_NecroDancer|||||
"October 2023 |133.7|26.9|25.13|489"|Crypt_Of_The_NecroDancer|||||
"September 2023 |106.8|4.7|4.63|194"|Crypt_Of_The_NecroDancer|||||
"August 2023 |102.1|-29.9|-22.66|159"|Crypt_Of_The_NecroDancer|||||
"July 2023 |132.0|12.4|10.33|192"|Crypt_Of_The_NecroDancer|||||
"June 2023 |119.7|4.2|3.6|234"|Crypt_Of_The_NecroDancer|||||
"May 2023 |115.5|-12.2|-9.57|196"|Crypt_Of_The_NecroDancer|||||
"April 2023 |127.7|-7.2|-5.3|257"|Crypt_Of_The_NecroDancer|||||
"March 2023 |134.9|-27.6|-17.01|252"|Crypt_Of_The_NecroDancer|||||
"February 2023 |162.5|24.5|17.74|287"|Crypt_Of_The_NecroDancer|||||
"January 2023 |138.0|-17.4|-11.2|225"|Crypt_Of_The_NecroDancer|||||
"December 2022 |155.4|-10.5|-6.33|243"|Crypt_Of_The_NecroDancer|||||
"November 2022 |165.9|-3.1|-1.85|346"|Crypt_Of_The_NecroDancer|||||
"October 2022 |169.1|-20.3|-10.74|380"|Crypt_Of_The_NecroDancer|||||
"September 2022 |189.4|-266.1|-58.42|338"|Crypt_Of_The_NecroDancer|||||
"August 2022 |455.6|277.6|156.07|1497"|Crypt_Of_The_NecroDancer|||||
"July 2022 |177.9|51.9|41.17|340"|Crypt_Of_The_NecroDancer|||||
"June 2022 |126.0|-3.0|-2.31|285"|Crypt_Of_The_NecroDancer|||||
"May 2022 |129.0|29.0|28.98|229"|Crypt_Of_The_NecroDancer|||||
"April 2022 |100.0|-16.5|-14.17|154"|Crypt_Of_The_NecroDancer|||||
"March 2022 |116.5|-31.4|-21.2|203"|Crypt_Of_The_NecroDancer|||||
"February 2022 |147.9|11.8|8.64|279"|Crypt_Of_The_NecroDancer|||||
"January 2022 |136.1|-13.8|-9.18|261"|Crypt_Of_The_NecroDancer|||||
"December 2021 |149.9|33.8|29.08|227"|Crypt_Of_The_NecroDancer|||||
"November 2021 |116.1|-2.9|-2.4|213"|Crypt_Of_The_NecroDancer|||||
"October 2021 |119.0|8.3|7.54|223"|Crypt_Of_The_NecroDancer|||||
"September 2021 |110.6|-26.6|-19.37|210"|Crypt_Of_The_NecroDancer|||||
"August 2021 |137.2|-9.3|-6.36|241"|Crypt_Of_The_NecroDancer|||||
"July 2021 |146.5|-7.1|-4.65|239"|Crypt_Of_The_NecroDancer|||||
"June 2021 |153.7|-4.9|-3.07|294"|Crypt_Of_The_NecroDancer|||||
"May 2021 |158.5|24.6|18.35|332"|Crypt_Of_The_NecroDancer|||||
"April 2021 |133.9|2.3|1.72|238"|Crypt_Of_The_NecroDancer|||||
"March 2021 |131.7|-22.7|-14.7|301"|Crypt_Of_The_NecroDancer|||||
"February 2021 |154.4|19.4|14.38|243"|Crypt_Of_The_NecroDancer|||||
"January 2021 |135.0|-25.8|-16.06|215"|Crypt_Of_The_NecroDancer|||||
"December 2020 |160.8|12.4|8.37|240"|Crypt_Of_The_NecroDancer|||||
"November 2020 |148.4|16.5|12.5|231"|Crypt_Of_The_NecroDancer|||||
"October 2020 |131.9|-27.3|-17.14|268"|Crypt_Of_The_NecroDancer|||||
"September 2020 |159.2|23.6|17.37|271"|Crypt_Of_The_NecroDancer|||||
"August 2020 |135.6|-37.8|-21.78|202"|Crypt_Of_The_NecroDancer|||||
"July 2020 |173.4|-24.9|-12.56|271"|Crypt_Of_The_NecroDancer|||||
"June 2020 |198.3|18.2|10.12|403"|Crypt_Of_The_NecroDancer|||||
"May 2020 |180.1|-27.8|-13.38|386"|Crypt_Of_The_NecroDancer|||||
"April 2020 |207.9|38.8|22.94|415"|Crypt_Of_The_NecroDancer|||||
"March 2020 |169.1|6.2|3.82|313"|Crypt_Of_The_NecroDancer|||||
"February 2020 |162.9|-44.7|-21.53|288"|Crypt_Of_The_NecroDancer|||||
"January 2020 |207.6|16.4|8.61|420"|Crypt_Of_The_NecroDancer|||||
"December 2019 |191.1|-12.2|-6.01|300"|Crypt_Of_The_NecroDancer|||||
"November 2019 |203.3|57.7|39.64|351"|Crypt_Of_The_NecroDancer|||||
"October 2019 |145.6|-24.0|-14.13|283"|Crypt_Of_The_NecroDancer|||||
"September 2019 |169.6|-21.1|-11.05|371"|Crypt_Of_The_NecroDancer|||||
"August 2019 |190.6|-109.2|-36.42|360"|Crypt_Of_The_NecroDancer|||||
"July 2019 |299.8|-207.3|-40.88|591"|Crypt_Of_The_NecroDancer|||||
"June 2019 |507.1|363.1|252.15|1172"|Crypt_Of_The_NecroDancer|||||
"May 2019 |144.0|-12.7|-8.11|229"|Crypt_Of_The_NecroDancer|||||
"April 2019 |156.7|-14.3|-8.35|252"|Crypt_Of_The_NecroDancer|||||
"March 2019 |171.0|-11.1|-6.08|355"|Crypt_Of_The_NecroDancer|||||
"February 2019 |182.1|18.6|11.4|309"|Crypt_Of_The_NecroDancer|||||
"January 2019 |163.4|-38.5|-19.06|242"|Crypt_Of_The_NecroDancer|||||
"December 2018 |201.9|-9.5|-4.48|338"|Crypt_Of_The_NecroDancer|||||
"November 2018 |211.4|45.1|27.15|418"|Crypt_Of_The_NecroDancer|||||
"October 2018 |166.3|-15.2|-8.39|283"|Crypt_Of_The_NecroDancer|||||
"September 2018 |181.5|3.5|1.96|379"|Crypt_Of_The_NecroDancer|||||
"August 2018 |178.0|-102.0|-36.43|297"|Crypt_Of_The_NecroDancer|||||
"July 2018 |280.0|-34.6|-11.01|476"|Crypt_Of_The_NecroDancer|||||
"June 2018 |314.7|89.7|39.84|692"|Crypt_Of_The_NecroDancer|||||
"May 2018 |225.0|43.0|23.61|581"|Crypt_Of_The_NecroDancer|||||
"April 2018 |182.0|-50.2|-21.62|311"|Crypt_Of_The_NecroDancer|||||
"March 2018 |232.3|-6.0|-2.5|512"|Crypt_Of_The_NecroDancer|||||
"February 2018 |238.2|-108.5|-31.3|411"|Crypt_Of_The_NecroDancer|||||
"January 2018 |346.7|52.4|17.82|670"|Crypt_Of_The_NecroDancer|||||
"December 2017 |294.3|-93.7|-24.15|612"|Crypt_Of_The_NecroDancer|||||
"November 2017 |388.0|143.0|58.39|689"|Crypt_Of_The_NecroDancer|||||
"October 2017 |245.0|-54.5|-18.19|647"|Crypt_Of_The_NecroDancer|||||
"September 2017 |299.4|38.1|14.56|652"|Crypt_Of_The_NecroDancer|||||
"August 2017 |261.4|-258.5|-49.72|391"|Crypt_Of_The_NecroDancer|||||
"July 2017 |519.9|240.4|86.0|1291"|Crypt_Of_The_NecroDancer|||||
"June 2017 |279.5|103.0|58.33|883"|Crypt_Of_The_NecroDancer|||||
"May 2017 |176.5|-22.8|-11.43|280"|Crypt_Of_The_NecroDancer|||||
"April 2017 |199.3|-48.2|-19.47|311"|Crypt_Of_The_NecroDancer|||||
"March 2017 |247.5|-121.6|-32.95|405"|Crypt_Of_The_NecroDancer|||||
"February 2017 |369.1|-134.5|-26.71|696"|Crypt_Of_The_NecroDancer|||||
"January 2017 |503.6|170.5|51.18|1415"|Crypt_Of_The_NecroDancer|||||
"December 2016 |333.1|-2.6|-0.76|955"|Crypt_Of_The_NecroDancer|||||
"November 2016 |335.7|143.2|74.42|860"|Crypt_Of_The_NecroDancer|||||
"October 2016 |192.5|10.2|5.62|403"|Crypt_Of_The_NecroDancer|||||
"September 2016 |182.2|-22.3|-10.89|308"|Crypt_Of_The_NecroDancer|||||
"August 2016 |204.5|-167.6|-45.03|360"|Crypt_Of_The_NecroDancer|||||
"July 2016 |372.1|110.0|41.97|874"|Crypt_Of_The_NecroDancer|||||
"June 2016 |262.1|-54.5|-17.21|783"|Crypt_Of_The_NecroDancer|||||
"May 2016 |316.6|126.7|66.77|904"|Crypt_Of_The_NecroDancer|||||
"April 2016 |189.8|-87.0|-31.43|332"|Crypt_Of_The_NecroDancer|||||
"March 2016 |276.8|-116.5|-29.63|512"|Crypt_Of_The_NecroDancer|||||
"February 2016 |393.4|-49.4|-11.16|884"|Crypt_Of_The_NecroDancer|||||
"January 2016 |442.8|80.8|22.33|1088"|Crypt_Of_The_NecroDancer|||||
"December 2015 |361.9|67.7|23.02|1050"|Crypt_Of_The_NecroDancer|||||
"November 2015 |294.2|20.6|7.52|863"|Crypt_Of_The_NecroDancer|||||
"October 2015 |273.6|103.0|60.38|760"|Crypt_Of_The_NecroDancer|||||
"September 2015 |170.6|-54.5|-24.2|316"|Crypt_Of_The_NecroDancer|||||
"August 2015 |225.1|-9.8|-4.16|405"|Crypt_Of_The_NecroDancer|||||
"July 2015 |234.8|-174.0|-42.56|367"|Crypt_Of_The_NecroDancer|||||
"June 2015 |408.8|-126.3|-23.6|1385"|Crypt_Of_The_NecroDancer|||||
"May 2015 |535.0|115.7|27.58|1247"|Crypt_Of_The_NecroDancer|||||
"April 2015 |419.4|251.9|150.43|2234"|Crypt_Of_The_NecroDancer|||||
"March 2015 |167.5|-8.3|-4.74|352"|Crypt_Of_The_NecroDancer|||||
"February 2015 |175.8|-62.4|-26.2|419"|Crypt_Of_The_NecroDancer|||||
"January 2015 |238.2|-14.2|-5.62|427"|Crypt_Of_The_NecroDancer|||||
"December 2014 |252.4|-17.0|-6.31|771"|Crypt_Of_The_NecroDancer|||||
"November 2014 |269.4|74.0|37.84|720"|Crypt_Of_The_NecroDancer|||||
"October 2014 |195.4|50.1|34.45|550"|Crypt_Of_The_NecroDancer|||||
"September 2014 |145.4|-198.2|-57.69|560"|Crypt_Of_The_NecroDancer|||||
"August 2014 |343.6|186.5|118.73|1284"|Crypt_Of_The_NecroDancer|||||
"February 2024 |2208.8|-695.3|-23.94|3891"|Dead_Cells|||||
"January 2024 |2904.1|-30.9|-1.05|5551"|Dead_Cells|||||
"December 2023 |2935.0|750.1|34.33|6001"|Dead_Cells|||||
"November 2023 |2184.9|-213.0|-8.88|4910"|Dead_Cells|||||
"October 2023 |2397.9|308.6|14.77|5417"|Dead_Cells|||||
"September 2023 |2089.3|-349.1|-14.32|4002"|Dead_Cells|||||
"August 2023 |2438.4|-792.8|-24.53|4589"|Dead_Cells|||||
"July 2023 |3231.2|837.9|35.01|5799"|Dead_Cells|||||
"June 2023 |2393.3|-539.4|-18.39|4674"|Dead_Cells|||||
"May 2023 |2932.7|-805.8|-21.55|5765"|Dead_Cells|||||
"April 2023 |3738.5|-2496.3|-40.04|8426"|Dead_Cells|||||
"March 2023 |6234.8|3441.8|123.23|14880"|Dead_Cells|||||
"February 2023 |2793.0|-1052.3|-27.37|4928"|Dead_Cells|||||
"January 2023 |3845.3|351.1|10.05|6094"|Dead_Cells|||||
"December 2022 |3494.2|-50.5|-1.42|6505"|Dead_Cells|||||
"November 2022 |3544.7|1618.6|84.04|8619"|Dead_Cells|||||
"October 2022 |1926.1|-59.4|-2.99|3609"|Dead_Cells|||||
"September 2022 |1985.5|-928.6|-31.87|3713"|Dead_Cells|||||
"August 2022 |2914.2|21.8|0.75|5134"|Dead_Cells|||||
"July 2022 |2892.3|547.4|23.34|5132"|Dead_Cells|||||
"June 2022 |2344.9|-589.3|-20.08|5146"|Dead_Cells|||||
"May 2022 |2934.3|31.5|1.08|6609"|Dead_Cells|||||
"April 2022 |2902.8|294.1|11.28|6441"|Dead_Cells|||||
"March 2022 |2608.6|-1404.1|-34.99|5492"|Dead_Cells|||||
"February 2022 |4012.7|-3008.2|-42.85|7525"|Dead_Cells|||||
"January 2022 |7020.9|3426.2|95.31|13556"|Dead_Cells|||||
"December 2021 |3594.8|1076.3|42.74|7553"|Dead_Cells|||||
"November 2021 |2518.5|646.9|34.56|8530"|Dead_Cells|||||
"October 2021 |1871.6|-295.0|-13.61|4579"|Dead_Cells|||||
"September 2021 |2166.6|-125.5|-5.48|5483"|Dead_Cells|||||
"August 2021 |2292.1|-711.2|-23.68|3680"|Dead_Cells|||||
"July 2021 |3003.3|645.5|27.38|6287"|Dead_Cells|||||
"June 2021 |2357.8|389.9|19.81|5852"|Dead_Cells|||||
"May 2021 |1967.9|-742.5|-27.39|4588"|Dead_Cells|||||
"April 2021 |2710.4|-229.1|-7.8|6771"|Dead_Cells|||||
"March 2021 |2939.5|-3242.0|-52.45|7289"|Dead_Cells|||||
"February 2021 |6181.6|3291.3|113.87|13651"|Dead_Cells|||||
"January 2021 |2890.3|1212.9|72.3|10451"|Dead_Cells|||||
"December 2020 |1677.4|457.6|37.51|4107"|Dead_Cells|||||
"November 2020 |1219.9|43.7|3.72|2474"|Dead_Cells|||||
"October 2020 |1176.2|-484.1|-29.16|2095"|Dead_Cells|||||
"September 2020 |1660.3|-1054.5|-38.84|3307"|Dead_Cells|||||
"August 2020 |2714.9|17.7|0.66|5413"|Dead_Cells|||||
"July 2020 |2697.2|1025.9|61.39|5316"|Dead_Cells|||||
"June 2020 |1671.2|-41.1|-2.4|4428"|Dead_Cells|||||
"May 2020 |1712.3|-295.8|-14.73|3262"|Dead_Cells|||||
"April 2020 |2008.1|-348.5|-14.79|5322"|Dead_Cells|||||
"March 2020 |2356.6|-1425.9|-37.7|5054"|Dead_Cells|||||
"February 2020 |3782.5|1964.6|108.08|9717"|Dead_Cells|||||
"January 2020 |1817.8|13.9|0.77|3313"|Dead_Cells|||||
"December 2019 |1803.9|334.1|22.73|3780"|Dead_Cells|||||
"November 2019 |1469.8|381.5|35.06|3125"|Dead_Cells|||||
"October 2019 |1088.3|-321.2|-22.79|2029"|Dead_Cells|||||
"September 2019 |1409.4|-629.1|-30.86|2685"|Dead_Cells|||||
"August 2019 |2038.5|274.6|15.57|5121"|Dead_Cells|||||
"July 2019 |1764.0|326.2|22.69|3363"|Dead_Cells|||||
"June 2019 |1437.8|-97.7|-6.36|3274"|Dead_Cells|||||
"May 2019 |1535.5|-569.6|-27.06|3133"|Dead_Cells|||||
"April 2019 |2105.1|447.0|26.96|5155"|Dead_Cells|||||
"March 2019 |1658.1|342.6|26.04|6323"|Dead_Cells|||||
"February 2019 |1315.5|-581.4|-30.65|2293"|Dead_Cells|||||
"January 2019 |1897.0|99.3|5.53|4153"|Dead_Cells|||||
"December 2018 |1797.6|647.6|56.31|4381"|Dead_Cells|||||
"November 2018 |1150.0|-398.6|-25.74|2136"|Dead_Cells|||||
"October 2018 |1548.7|-583.5|-27.37|3746"|Dead_Cells|||||
"September 2018 |2132.2|-2305.6|-51.95|4601"|Dead_Cells|||||
"August 2018 |4437.7|2702.1|155.68|10344"|Dead_Cells|||||
"July 2018 |1735.7|-32.5|-1.84|3625"|Dead_Cells|||||
"June 2018 |1768.2|616.1|53.48|4192"|Dead_Cells|||||
"May 2018 |1152.0|62.0|5.69|2200"|Dead_Cells|||||
"April 2018 |1090.0|-358.2|-24.73|1787"|Dead_Cells|||||
"March 2018 |1448.3|506.9|53.84|3516"|Dead_Cells|||||
"February 2018 |941.4|-861.6|-47.79|1548"|Dead_Cells|||||
"January 2018 |1803.0|425.2|30.86|3602"|Dead_Cells|||||
"December 2017 |1377.8|363.8|35.88|4004"|Dead_Cells|||||
"November 2017 |1014.0|567.0|126.88|2639"|Dead_Cells|||||
"October 2017 |446.9|-365.8|-45.01|847"|Dead_Cells|||||
"September 2017 |812.7|-158.2|-16.29|1670"|Dead_Cells|||||
"August 2017 |970.9|-1109.5|-53.33|1535"|Dead_Cells|||||
"July 2017 |2080.4|-443.3|-17.57|4243"|Dead_Cells|||||
"June 2017 |2523.7|-37.3|-1.46|4463"|Dead_Cells|||||
"May 2017 |2561.0|2558.1|86307.07|6712"|Dead_Cells|||||
"April 2017 |3.0|2.8|1304.43|15"|Dead_Cells|||||
"March 2017 |0.2|0.1|264.04|6"|Dead_Cells|||||
|Deep_Rock|March 2024|14725.62|4120.88|+38.86%|31452.0
|Deep_Rock|February 2024|10604.74|-924.02|-8.01%|18738.0
|Deep_Rock|January 2024|11528.77|-705.12|-5.76%|20789.0
|Deep_Rock|December 2023|12233.88|-385.20|-3.05%|20579.0
|Deep_Rock|November 2023|12619.08|1740.95|+16.00%|22249.0
|Deep_Rock|October 2023|10878.13|-1505.71|-12.16%|23423.0
|Deep_Rock|September 2023|12383.85|-2099.40|-14.50%|25298.0
|Deep_Rock|August 2023|14483.24|-4305.90|-22.92%|25573.0
|Deep_Rock|July 2023|18789.15|980.16|+5.50%|34474.0
|Deep_Rock|June 2023|17808.98|4615.36|+34.98%|34905.0
|Deep_Rock|May 2023|13193.62|-2034.10|-13.36%|24918.0
|Deep_Rock|April 2023|15227.72|-5570.67|-26.78%|27496.0
|Deep_Rock|March 2023|20798.39|7700.37|+58.79%|36198.0
|Deep_Rock|February 2023|13098.02|-3522.72|-21.19%|23460.0
|Deep_Rock|January 2023|16620.74|284.88|+1.74%|27360.0
|Deep_Rock|December 2022|16335.86|-5301.69|-24.50%|25051.0
|Deep_Rock|November 2022|21637.55|13131.11|+154.37%|46392.0
|Deep_Rock|October 2022|8506.44|-31.65|-0.37%|15230.0
|Deep_Rock|September 2022|8538.09|393.40|+4.83%|16182.0
|Deep_Rock|August 2022|8144.69|-3769.25|-31.64%|13619.0
|Deep_Rock|July 2022|11913.93|-1381.37|-10.39%|24217.0
|Deep_Rock|June 2022|13295.31|470.86|+3.67%|26162.0
|Deep_Rock|May 2022|12824.45|3983.47|+45.06%|30710.0
|Deep_Rock|April 2022|8840.98|447.41|+5.33%|28698.0
|Deep_Rock|March 2022|8393.57|-1462.09|-14.83%|16649.0
|Deep_Rock|February 2022|9855.65|-483.81|-4.68%|21314.0
|Deep_Rock|January 2022|10339.46|-501.69|-4.63%|20811.0
|Deep_Rock|December 2021|10841.15|-7183.58|-39.85%|19148.0
|Deep_Rock|November 2021|18024.73|13301.11|+281.59%|41544.0
|Deep_Rock|October 2021|4723.62|-175.09|-3.57%|10818.0
|Deep_Rock|September 2021|4898.71|452.63|+10.18%|9112.0
|Deep_Rock|August 2021|4446.08|-2255.60|-33.66%|7472.0
|Deep_Rock|July 2021|6701.67|1144.29|+20.59%|12469.0
|Deep_Rock|June 2021|5557.39|-743.92|-11.81%|13027.0
|Deep_Rock|May 2021|6301.31|1044.34|+19.87%|13218.0
|Deep_Rock|April 2021|5256.97|-5692.64|-51.99%|9049.0
|Deep_Rock|March 2021|10949.6|1823.14|+19.98%|24522.0
|Deep_Rock|February 2021|9126.46|1921.06|+26.66%|35827.0
|Deep_Rock|January 2021|7205.41|1193.30|+19.85%|14077.0
|Deep_Rock|December 2020|6012.11|485.09|+8.78%|12395.0
|Deep_Rock|November 2020|5527.01|510.43|+10.17%|11275.0
|Deep_Rock|October 2020|5016.59|382.40|+8.25%|12457.0
|Deep_Rock|September 2020|4634.19|1223.67|+35.88%|9273.0
|Deep_Rock|August 2020|3410.52|-1956.41|-36.45%|6370.0
|Deep_Rock|July 2020|5366.93|-676.53|-11.19%|10527.0
|Deep_Rock|June 2020|6043.46|-519.74|-7.92%|11326.0
|Deep_Rock|May 2020|6563.21|3156.66|+92.66%|15515.0
|Deep_Rock|April 2020|3406.54|-3067.17|-47.38%|6541.0
|Deep_Rock|March 2020|6473.72|3164.79|+95.64%|20030.0
|Deep_Rock|February 2020|3308.93|796.89|+31.72%|19471.0
|Deep_Rock|January 2020|2512.05|13.56|+0.54%|5242.0
|Deep_Rock|December 2019|2498.49|726.93|+41.03%|5091.0
|Deep_Rock|November 2019|1771.56|-165.51|-8.54%|4489.0
|Deep_Rock|October 2019|1937.07|-22.84|-1.17%|4172.0
|Deep_Rock|September 2019|1959.91|1220.49|+165.06%|9790.0
|Deep_Rock|August 2019|739.42|-624.56|-45.79%|1393.0
|Deep_Rock|July 2019|1363.98|205.92|+17.78%|3026.0
|Deep_Rock|June 2019|1158.06|15.66|+1.37%|3085.0
|Deep_Rock|May 2019|1142.41|322.24|+39.29%|3453.0
|Deep_Rock|April 2019|820.17|-1666.99|-67.02%|1863.0
|Deep_Rock|March 2019|2487.16|1305.94|+110.56%|14863.0
|Deep_Rock|February 2019|1181.22|-162.28|-12.08%|4462.0
|Deep_Rock|January 2019|1343.5|-86.97|-6.08%|3014.0
|Deep_Rock|December 2018|1430.48|733.60|+105.27%|3263.0
|Deep_Rock|November 2018|696.88|114.51|+19.66%|2631.0
|Deep_Rock|October 2018|582.37|-10.02|-1.69%|1404.0
|Deep_Rock|September 2018|592.38|303.24|+104.88%|1311.0
|Deep_Rock|August 2018|289.14|-510.75|-63.85%|743.0
|Deep_Rock|July 2018|799.88|95.52|+13.56%|2272.0
|Deep_Rock|June 2018|704.37|-102.34|-12.69%|2189.0
|Deep_Rock|May 2018|806.71|192.97|+31.44%|2963.0
|Deep_Rock|April 2018|613.74|-720.77|-54.01%|1686.0
|Deep_Rock|March 2018|1334.51|1288.12|+2776.24%|4286.0
|Deep_Rock|February 2018|46.4|45.60|+5725.25%|2674.0
|Deep_Rock|January 2018|0.8|-0.26|-24.53%|6.0
|Deep_Rock|December 2017|1.06|-1.90|-64.32%|9.0
|Deep_Rock|November 2017|2.96|-1.28|-30.24%|17.0
|Deep_Rock|October 2017|4.24|-7.77|-64.68%|25.0
|Deep_Rock|September 2017|12.01|1.84|+18.07%|59.0
|Deep_Rock|August 2017|10.17|5.41|+113.61%|184.0
|Deep_Rock|July 2017|4.76|-1.07|-18.41%|28.0
|Deep_Rock|June 2017|5.83|4.33|+288.11%|114.0
|Deep_Rock|May 2017|1.5|0.25|+19.87%|16.0
|Deep_Rock|April 2017|1.25|-0.86|-40.60%|9.0
|Deep_Rock|March 2017|2.11|0.55|+35.53%|33.0
|Deep_Rock|February 2017|1.56|1.32|+554.90%|21.0
|Deep_Rock|January 2017|0.24|-1.19|-83.29%|4.0
|Deep_Rock|December 2016|1.42|-|-|11.0
"February 2024 |3.5|-0.6|-13.92|9"|Delver|||||
"January 2024 |4.0|0.5|13.61|16"|Delver|||||
"December 2023 |3.5|0.5|14.52|12"|Delver|||||
"November 2023 |3.1|-0.2|-6.65|10"|Delver|||||
"October 2023 |3.3|-0.1|-3.61|10"|Delver|||||
"September 2023 |3.4|0.4|13.99|11"|Delver|||||
"August 2023 |3.0|-0.1|-4.39|10"|Delver|||||
"July 2023 |3.1|0.2|5.34|9"|Delver|||||
"June 2023 |3.0|-0.1|-3.99|10"|Delver|||||
"May 2023 |3.1|-0.4|-12.19|9"|Delver|||||
"April 2023 |3.5|0.0|0.17|11"|Delver|||||
"March 2023 |3.5|-0.3|-8.49|11"|Delver|||||
"February 2023 |3.9|-0.6|-14.24|13"|Delver|||||
"January 2023 |4.5|0.3|6.08|13"|Delver|||||
"December 2022 |4.3|0.4|9.41|15"|Delver|||||
"November 2022 |3.9|0.7|22.19|13"|Delver|||||
"October 2022 |3.2|-0.4|-10.75|12"|Delver|||||
"September 2022 |3.6|-0.5|-12.76|12"|Delver|||||
"August 2022 |4.1|-0.7|-13.86|13"|Delver|||||
"July 2022 |4.8|0.3|7.35|13"|Delver|||||
"June 2022 |4.4|-0.5|-10.14|13"|Delver|||||
"May 2022 |4.9|0.4|9.68|19"|Delver|||||
"April 2022 |4.5|0.6|14.31|14"|Delver|||||
"March 2022 |3.9|-1.1|-22.6|15"|Delver|||||
"February 2022 |5.1|-0.9|-15.18|14"|Delver|||||
"January 2022 |6.0|0.5|9.35|16"|Delver|||||
"December 2021 |5.5|0.2|4.56|16"|Delver|||||
"November 2021 |5.2|-0.1|-1.18|17"|Delver|||||
"October 2021 |5.3|-0.3|-5.27|20"|Delver|||||
"September 2021 |5.6|-8.2|-59.61|19"|Delver|||||
"August 2021 |13.8|7.0|102.11|48"|Delver|||||
"July 2021 |6.8|1.3|22.25|44"|Delver|||||
"June 2021 |5.6|0.9|19.62|19"|Delver|||||
"May 2021 |4.7|0.4|10.38|13"|Delver|||||
"April 2021 |4.2|-0.7|-13.28|14"|Delver|||||
"March 2021 |4.9|-1.3|-20.49|14"|Delver|||||
"February 2021 |6.2|0.0|0.04|17"|Delver|||||
"January 2021 |6.2|0.6|10.76|18"|Delver|||||
"December 2020 |5.5|-0.6|-9.97|15"|Delver|||||
"November 2020 |6.2|0.9|16.57|19"|Delver|||||
"October 2020 |5.3|-0.7|-11.93|16"|Delver|||||
"September 2020 |6.0|0.9|18.21|22"|Delver|||||
"August 2020 |5.1|-2.7|-35.02|15"|Delver|||||
"July 2020 |7.8|1.5|23.73|24"|Delver|||||
"June 2020 |6.3|-0.5|-7.59|24"|Delver|||||
"May 2020 |6.8|-3.8|-35.52|19"|Delver|||||
"April 2020 |10.6|-4.0|-27.65|37"|Delver|||||
"March 2020 |14.7|7.4|101.97|56"|Delver|||||
"February 2020 |7.3|0.5|6.69|20"|Delver|||||
"January 2020 |6.8|0.1|1.64|23"|Delver|||||
"December 2019 |6.7|0.2|3.02|26"|Delver|||||
"November 2019 |6.5|2.2|49.75|21"|Delver|||||
"October 2019 |4.3|-1.4|-24.99|13"|Delver|||||
"September 2019 |5.8|-0.9|-13.63|16"|Delver|||||
"August 2019 |6.7|-0.4|-5.72|19"|Delver|||||
"July 2019 |7.1|0.8|12.8|22"|Delver|||||
"June 2019 |6.3|0.7|12.69|19"|Delver|||||
"May 2019 |5.6|-0.4|-6.45|16"|Delver|||||
"April 2019 |6.0|-0.6|-8.99|17"|Delver|||||
"March 2019 |6.6|0.0|0.41|19"|Delver|||||
"February 2019 |6.5|-0.9|-11.75|17"|Delver|||||
"January 2019 |7.4|-2.2|-22.78|21"|Delver|||||
"December 2018 |9.6|-0.4|-3.85|28"|Delver|||||
"November 2018 |10.0|3.7|59.0|41"|Delver|||||
"October 2018 |6.3|0.3|5.92|25"|Delver|||||
"September 2018 |5.9|-1.6|-21.33|23"|Delver|||||
"August 2018 |7.5|-0.7|-8.61|20"|Delver|||||
"July 2018 |8.2|-0.2|-1.98|23"|Delver|||||
"June 2018 |8.4|-1.1|-11.76|26"|Delver|||||
"May 2018 |9.5|-2.3|-19.34|28"|Delver|||||
"April 2018 |11.8|-5.4|-31.51|29"|Delver|||||
"March 2018 |17.2|-26.4|-60.53|40"|Delver|||||
"February 2018 |43.7|38.4|731.96|184"|Delver|||||
"January 2018 |5.3|-0.2|-3.53|17"|Delver|||||
"December 2017 |5.4|1.0|21.58|15"|Delver|||||
"November 2017 |4.5|-0.4|-8.02|13"|Delver|||||
"October 2017 |4.9|0.2|3.55|14"|Delver|||||
"September 2017 |4.7|-0.5|-8.75|17"|Delver|||||
"August 2017 |5.2|-0.3|-5.34|14"|Delver|||||
"July 2017 |5.4|-0.7|-11.29|17"|Delver|||||
"June 2017 |6.1|-1.8|-22.53|16"|Delver|||||
"May 2017 |7.9|-4.9|-38.4|22"|Delver|||||
"April 2017 |12.8|7.4|136.44|40"|Delver|||||
"March 2017 |5.4|-3.1|-36.31|17"|Delver|||||
"February 2017 |8.5|-0.3|-2.96|21"|Delver|||||
"January 2017 |8.8|2.3|35.67|29"|Delver|||||
"December 2016 |6.5|0.9|16.24|19"|Delver|||||
"November 2016 |5.6|-0.4|-6.98|16"|Delver|||||
"October 2016 |6.0|-1.4|-19.26|16"|Delver|||||
"September 2016 |7.4|3.7|97.55|40"|Delver|||||
"August 2016 |3.8|-0.7|-16.41|14"|Delver|||||
"July 2016 |4.5|-0.3|-6.79|14"|Delver|||||
"June 2016 |4.8|0.6|13.03|18"|Delver|||||
"May 2016 |4.3|-0.4|-9.07|14"|Delver|||||
"April 2016 |4.7|-0.8|-14.78|18"|Delver|||||
"March 2016 |5.5|-4.1|-42.79|17"|Delver|||||
"February 2016 |9.6|2.8|41.5|34"|Delver|||||
"January 2016 |6.8|0.1|1.77|21"|Delver|||||
"December 2015 |6.7|0.6|10.67|19"|Delver|||||
"November 2015 |6.0|-1.6|-21.46|18"|Delver|||||
"October 2015 |7.7|0.7|9.23|26"|Delver|||||
"September 2015 |7.0|-0.2|-2.75|43"|Delver|||||
"August 2015 |7.2|-1.1|-13.02|21"|Delver|||||
"July 2015 |8.3|-1.1|-11.54|24"|Delver|||||
"June 2015 |9.4|-3.8|-28.84|40"|Delver|||||
"May 2015 |13.2|-8.0|-37.64|39"|Delver|||||
"April 2015 |21.2|0.4|2.04|137"|Delver|||||
"March 2015 |20.8|12.3|144.79|132"|Delver|||||
"February 2015 |8.5|-3.6|-29.96|25"|Delver|||||
"January 2015 |12.1|0.2|2.03|43"|Delver|||||
"December 2014 |11.9|3.9|49.23|42"|Delver|||||
"November 2014 |8.0|-1.0|-10.8|33"|Delver|||||
"October 2014 |8.9|3.4|61.94|36"|Delver|||||
"September 2014 |5.5|-3.8|-40.77|18"|Delver|||||
"August 2014 |9.3|-6.4|-40.68|63"|Delver|||||
"July 2014 |15.7|-15.3|-49.42|61"|Delver|||||
"June 2014 |31.0|27.5|785.61|640"|Delver|||||
"May 2014 |3.5|-2.5|-41.94|12"|Delver|||||
"April 2014 |6.0|2.4|66.12|31"|Delver|||||
"March 2014 |3.6|-0.8|-17.87|13"|Delver|||||
"February 2014 |4.4|-20.8|-82.5|18"|Delver|||||
"January 2014 |25.3|14.2|127.33|467"|Delver|||||
"December 2013 |11.1|2.2|25.13|43"|Delver|||||
"November 2013 |8.9|3.6|68.51|48"|Delver|||||
"October 2013 |5.3|-3.5|-39.96|29"|Delver|||||
"February 2024 |1063.6|-40.4|-3.66|1730"|Enter_The_Gungeon|||||
"January 2024 |1104.0|27.3|2.54|1567"|Enter_The_Gungeon|||||
"December 2023 |1076.7|75.8|7.58|1554"|Enter_The_Gungeon|||||
"November 2023 |1000.9|-234.7|-18.99|1649"|Enter_The_Gungeon|||||
"October 2023 |1235.6|131.8|11.94|2593"|Enter_The_Gungeon|||||
"September 2023 |1103.8|-275.4|-19.97|2593"|Enter_The_Gungeon|||||
"August 2023 |1379.2|306.6|28.58|2225"|Enter_The_Gungeon|||||
"July 2023 |1072.7|-6.9|-0.64|1418"|Enter_The_Gungeon|||||
"June 2023 |1079.5|-76.6|-6.62|1578"|Enter_The_Gungeon|||||
"May 2023 |1156.1|136.2|13.35|1929"|Enter_The_Gungeon|||||
"April 2023 |1019.9|80.4|8.56|1998"|Enter_The_Gungeon|||||
"March 2023 |939.5|-21.7|-2.26|1373"|Enter_The_Gungeon|||||
"February 2023 |961.2|-74.0|-7.15|1388"|Enter_The_Gungeon|||||
"January 2023 |1035.3|47.7|4.83|1454"|Enter_The_Gungeon|||||
"December 2022 |987.6|69.0|7.51|1387"|Enter_The_Gungeon|||||
"November 2022 |918.6|-117.0|-11.3|1379"|Enter_The_Gungeon|||||
"October 2022 |1035.6|-198.2|-16.06|1750"|Enter_The_Gungeon|||||
"September 2022 |1233.8|-396.8|-24.34|1996"|Enter_The_Gungeon|||||
"August 2022 |1630.6|484.4|42.26|4401"|Enter_The_Gungeon|||||
"July 2022 |1146.2|-25.8|-2.2|1503"|Enter_The_Gungeon|||||
"June 2022 |1172.1|-309.6|-20.89|1674"|Enter_The_Gungeon|||||
"May 2022 |1481.7|539.2|57.21|2397"|Enter_The_Gungeon|||||
"April 2022 |942.5|72.2|8.3|1353"|Enter_The_Gungeon|||||
"March 2022 |870.3|-45.9|-5.01|1324"|Enter_The_Gungeon|||||
"February 2022 |916.1|-149.1|-14.0|1298"|Enter_The_Gungeon|||||
"January 2022 |1065.3|38.3|3.73|1452"|Enter_The_Gungeon|||||
"December 2021 |1027.0|102.3|11.07|1414"|Enter_The_Gungeon|||||
"November 2021 |924.6|-7.9|-0.85|1410"|Enter_The_Gungeon|||||
"October 2021 |932.5|-156.1|-14.34|1444"|Enter_The_Gungeon|||||
"September 2021 |1088.6|-33.1|-2.95|1681"|Enter_The_Gungeon|||||
"August 2021 |1121.8|-123.3|-9.9|1483"|Enter_The_Gungeon|||||
"July 2021 |1245.0|-33.3|-2.61|1656"|Enter_The_Gungeon|||||
"June 2021 |1278.3|-51.3|-3.86|1983"|Enter_The_Gungeon|||||
"May 2021 |1329.7|111.8|9.18|2134"|Enter_The_Gungeon|||||
"April 2021 |1217.8|73.5|6.43|1724"|Enter_The_Gungeon|||||
"March 2021 |1144.3|-38.5|-3.26|1986"|Enter_The_Gungeon|||||
"February 2021 |1182.8|-187.2|-13.66|1589"|Enter_The_Gungeon|||||
"January 2021 |1370.0|215.8|18.7|1982"|Enter_The_Gungeon|||||
"December 2020 |1154.1|-87.3|-7.03|1562"|Enter_The_Gungeon|||||
"November 2020 |1241.4|80.1|6.9|1680"|Enter_The_Gungeon|||||
"October 2020 |1161.3|-260.9|-18.34|1585"|Enter_The_Gungeon|||||
"September 2020 |1422.2|-23.6|-1.63|2015"|Enter_The_Gungeon|||||
"August 2020 |1445.8|-10.2|-0.7|2049"|Enter_The_Gungeon|||||
"July 2020 |1455.9|-80.4|-5.23|1874"|Enter_The_Gungeon|||||
"June 2020 |1536.3|-12.4|-0.8|2598"|Enter_The_Gungeon|||||
"May 2020 |1548.8|-446.1|-22.36|2230"|Enter_The_Gungeon|||||
"April 2020 |1994.9|-115.0|-5.45|3003"|Enter_The_Gungeon|||||
"March 2020 |2109.8|514.8|32.27|3538"|Enter_The_Gungeon|||||
"February 2020 |1595.1|43.2|2.79|2550"|Enter_The_Gungeon|||||
"January 2020 |1551.8|93.7|6.42|2215"|Enter_The_Gungeon|||||
"December 2019 |1458.2|94.9|6.96|2251"|Enter_The_Gungeon|||||
"November 2019 |1363.3|22.8|1.7|2490"|Enter_The_Gungeon|||||
"October 2019 |1340.4|-278.1|-17.18|2212"|Enter_The_Gungeon|||||
"September 2019 |1618.5|81.9|5.33|3289"|Enter_The_Gungeon|||||
"August 2019 |1536.6|-600.1|-28.09|2572"|Enter_The_Gungeon|||||
"July 2019 |2136.7|-562.7|-20.85|3395"|Enter_The_Gungeon|||||
"June 2019 |2699.5|-1229.9|-31.3|3843"|Enter_The_Gungeon|||||
"May 2019 |3929.4|-2558.7|-39.44|7041"|Enter_The_Gungeon|||||
"April 2019 |6488.1|5179.7|395.89|13043"|Enter_The_Gungeon|||||
"March 2019 |1308.4|-104.5|-7.4|2238"|Enter_The_Gungeon|||||
"February 2019 |1412.9|-390.4|-21.65|2159"|Enter_The_Gungeon|||||
"January 2019 |1803.2|348.1|23.93|3413"|Enter_The_Gungeon|||||
"December 2018 |1455.1|-119.3|-7.58|2315"|Enter_The_Gungeon|||||
"November 2018 |1574.4|-150.0|-8.7|2597"|Enter_The_Gungeon|||||
"October 2018 |1724.4|-692.5|-28.65|3184"|Enter_The_Gungeon|||||
"September 2018 |2416.9|-2224.1|-47.92|4318"|Enter_The_Gungeon|||||
"August 2018 |4640.9|-184.9|-3.83|8612"|Enter_The_Gungeon|||||
"July 2018 |4825.9|3706.0|330.95|15767"|Enter_The_Gungeon|||||
"June 2018 |1119.8|40.0|3.71|3111"|Enter_The_Gungeon|||||
"May 2018 |1079.8|370.6|52.25|2579"|Enter_The_Gungeon|||||
"April 2018 |709.2|-52.1|-6.84|1269"|Enter_The_Gungeon|||||
"March 2018 |761.3|-153.2|-16.76|1273"|Enter_The_Gungeon|||||
"February 2018 |914.5|-136.3|-12.97|1480"|Enter_The_Gungeon|||||
"January 2018 |1050.9|154.0|17.17|1646"|Enter_The_Gungeon|||||
"December 2017 |896.9|147.0|19.6|1632"|Enter_The_Gungeon|||||
"November 2017 |749.9|-242.9|-24.46|1297"|Enter_The_Gungeon|||||
"October 2017 |992.8|139.6|16.36|2565"|Enter_The_Gungeon|||||
"September 2017 |853.2|162.2|23.47|2123"|Enter_The_Gungeon|||||
"August 2017 |691.0|-245.1|-26.18|1007"|Enter_The_Gungeon|||||
"July 2017 |936.1|-37.7|-3.87|1658"|Enter_The_Gungeon|||||
"June 2017 |973.8|-60.3|-5.83|1828"|Enter_The_Gungeon|||||
"May 2017 |1034.1|123.9|13.61|2633"|Enter_The_Gungeon|||||
"April 2017 |910.2|-264.1|-22.49|1491"|Enter_The_Gungeon|||||
"March 2017 |1174.4|-1176.3|-50.04|2091"|Enter_The_Gungeon|||||
"February 2017 |2350.7|738.3|45.78|4609"|Enter_The_Gungeon|||||
"January 2017 |1612.5|772.7|92.01|6903"|Enter_The_Gungeon|||||
"December 2016 |839.8|227.0|37.04|2076"|Enter_The_Gungeon|||||
"November 2016 |612.8|61.5|11.15|1518"|Enter_The_Gungeon|||||
"October 2016 |551.3|-191.4|-25.77|1023"|Enter_The_Gungeon|||||
"September 2016 |742.7|29.3|4.11|1748"|Enter_The_Gungeon|||||
"August 2016 |713.4|-378.6|-34.67|1264"|Enter_The_Gungeon|||||
"July 2016 |1091.9|-226.3|-17.17|2153"|Enter_The_Gungeon|||||
"June 2016 |1318.3|-1108.3|-45.67|2132"|Enter_The_Gungeon|||||
"May 2016 |2426.6|-2192.1|-47.46|5299"|Enter_The_Gungeon|||||
"April 2016 |4618.7|4615.5|146304.94|13574"|Enter_The_Gungeon|||||
"March 2016 |3.1|2.2|220.07|23"|Enter_The_Gungeon|||||
"February 2016 |1.0|0.1|14.09|5"|Enter_The_Gungeon|||||
"January 2016 |0.9|0.6|182.44|5"|Enter_The_Gungeon|||||
"December 2015 |0.3|0.3|761.52|3"|Enter_The_Gungeon|||||
"November 2015 |0.0|-0.1|-65.25|1"|Enter_The_Gungeon|||||
"October 2015 |0.1|-0.0|-18.26|1"|Enter_The_Gungeon|||||
"September 2015 |0.1|0.1|110.76|2"|Enter_The_Gungeon|||||
"August 2015 |0.1|-0.0|-31.24|2"|Enter_The_Gungeon|||||
"July 2015 |0.1|-0.1|-43.98|2"|Enter_The_Gungeon|||||
"June 2015 |0.1|0.1|334.98|3"|Enter_The_Gungeon|||||
"May 2015 |0.0|-0.1|-72.1|2"|Enter_The_Gungeon|||||
"February 2024 |1113.2|-19.7|-1.74|1708"|FTL|||||
"January 2024 |1132.9|28.4|2.58|1817"|FTL|||||
"December 2023 |1104.5|58.0|5.55|1672"|FTL|||||
"November 2023 |1046.4|72.7|7.47|1772"|FTL|||||
"October 2023 |973.7|-8.0|-0.82|1476"|FTL|||||
"September 2023 |981.7|-8.8|-0.88|1495"|FTL|||||
"August 2023 |990.4|-102.7|-9.39|1463"|FTL|||||
"July 2023 |1093.1|171.2|18.58|1580"|FTL|||||
"June 2023 |921.9|-48.6|-5.01|1380"|FTL|||||
"May 2023 |970.5|-82.3|-7.82|1487"|FTL|||||
"April 2023 |1052.9|-59.2|-5.32|1553"|FTL|||||
"March 2023 |1112.1|66.2|6.33|1714"|FTL|||||
"February 2023 |1045.9|-70.5|-6.31|1659"|FTL|||||
"January 2023 |1116.4|56.0|5.28|1713"|FTL|||||
"December 2022 |1060.4|41.6|4.09|1612"|FTL|||||
"November 2022 |1018.8|-19.6|-1.89|1615"|FTL|||||
"October 2022 |1038.4|-75.3|-6.76|1616"|FTL|||||
"September 2022 |1113.7|-194.8|-14.89|1779"|FTL|||||
"August 2022 |1308.5|-18.4|-1.39|1967"|FTL|||||
"July 2022 |1326.9|109.2|8.97|2079"|FTL|||||
"June 2022 |1217.7|-145.3|-10.66|1957"|FTL|||||
"May 2022 |1363.0|177.4|14.97|2173"|FTL|||||
"April 2022 |1185.5|161.7|15.79|1855"|FTL|||||
"March 2022 |1023.9|-49.6|-4.62|1577"|FTL|||||
"February 2022 |1073.5|-139.2|-11.48|1662"|FTL|||||
"January 2022 |1212.7|99.4|8.93|1834"|FTL|||||
"December 2021 |1113.4|-73.3|-6.18|1733"|FTL|||||
"November 2021 |1186.7|-84.5|-6.64|1845"|FTL|||||
"October 2021 |1271.2|-148.2|-10.44|2190"|FTL|||||
"September 2021 |1419.3|-105.1|-6.9|2273"|FTL|||||
"August 2021 |1524.4|-284.2|-15.71|2261"|FTL|||||
"July 2021 |1808.6|353.7|24.31|3219"|FTL|||||
"June 2021 |1454.9|351.6|31.87|2975"|FTL|||||
"May 2021 |1103.3|18.4|1.7|1638"|FTL|||||
"April 2021 |1084.9|-54.3|-4.77|1706"|FTL|||||
"March 2021 |1139.2|-64.9|-5.39|1892"|FTL|||||
"February 2021 |1204.1|25.1|2.13|1854"|FTL|||||
"January 2021 |1179.0|88.0|8.07|1833"|FTL|||||
"December 2020 |1090.9|-41.0|-3.63|1756"|FTL|||||
"November 2020 |1132.0|64.5|6.04|1769"|FTL|||||
"October 2020 |1067.5|-70.4|-6.19|1648"|FTL|||||
"September 2020 |1137.9|-13.5|-1.17|1734"|FTL|||||
"August 2020 |1151.4|-127.9|-10.0|1693"|FTL|||||
"July 2020 |1279.3|135.8|11.87|1934"|FTL|||||
"June 2020 |1143.6|-99.6|-8.01|1853"|FTL|||||
"May 2020 |1243.2|-62.3|-4.77|1823"|FTL|||||
"April 2020 |1305.5|75.5|6.14|1865"|FTL|||||
"March 2020 |1230.0|-41.8|-3.29|2190"|FTL|||||
"February 2020 |1271.8|-98.7|-7.2|2299"|FTL|||||
"January 2020 |1370.5|188.0|15.9|2186"|FTL|||||
"December 2019 |1182.5|62.3|5.56|2196"|FTL|||||
"November 2019 |1120.2|155.8|16.15|1876"|FTL|||||
"October 2019 |964.4|-45.9|-4.55|1566"|FTL|||||
"September 2019 |1010.4|-285.3|-22.02|1720"|FTL|||||
"August 2019 |1295.7|-397.4|-23.47|2163"|FTL|||||
"July 2019 |1693.0|539.6|46.79|3619"|FTL|||||
"June 2019 |1153.4|120.0|11.62|2254"|FTL|||||
"May 2019 |1033.3|44.4|4.48|1794"|FTL|||||
"April 2019 |989.0|-71.1|-6.71|1614"|FTL|||||
"March 2019 |1060.1|-91.6|-7.95|1877"|FTL|||||
"February 2019 |1151.7|-122.4|-9.61|2036"|FTL|||||
"January 2019 |1274.1|61.0|5.03|2172"|FTL|||||
"December 2018 |1213.1|144.8|13.56|2116"|FTL|||||
"November 2018 |1068.2|-23.9|-2.19|2192"|FTL|||||
"October 2018 |1092.1|124.0|12.8|1903"|FTL|||||
"September 2018 |968.2|52.4|5.72|2210"|FTL|||||
"August 2018 |915.8|-256.1|-21.86|1534"|FTL|||||
"July 2018 |1171.9|103.2|9.65|2007"|FTL|||||
"June 2018 |1068.8|80.1|8.11|1957"|FTL|||||
"May 2018 |988.6|-148.2|-13.04|1760"|FTL|||||
"April 2018 |1136.8|-367.5|-24.43|1936"|FTL|||||
"March 2018 |1504.4|406.6|37.04|2996"|FTL|||||
"February 2018 |1097.7|-134.1|-10.88|1907"|FTL|||||
"January 2018 |1231.8|22.6|1.87|2219"|FTL|||||
"December 2017 |1209.2|119.0|10.92|2126"|FTL|||||
"November 2017 |1090.2|-69.6|-6.0|2041"|FTL|||||
"October 2017 |1159.8|47.6|4.28|2092"|FTL|||||
"September 2017 |1112.1|-35.1|-3.06|1918"|FTL|||||
"August 2017 |1147.2|-286.3|-19.97|1825"|FTL|||||
"July 2017 |1433.5|86.1|6.39|2607"|FTL|||||
"June 2017 |1347.4|207.9|18.25|3224"|FTL|||||
"May 2017 |1139.5|7.4|0.66|1939"|FTL|||||
"April 2017 |1132.1|-274.3|-19.5|1822"|FTL|||||
"March 2017 |1406.4|93.7|7.13|3421"|FTL|||||
"February 2017 |1312.7|25.0|1.94|3024"|FTL|||||
"January 2017 |1287.7|43.9|3.53|2566"|FTL|||||
"December 2016 |1243.8|122.5|10.92|2402"|FTL|||||
"November 2016 |1121.4|83.4|8.04|2249"|FTL|||||
"October 2016 |1037.9|4.3|0.41|1818"|FTL|||||
"September 2016 |1033.7|-58.6|-5.36|1710"|FTL|||||
"August 2016 |1092.3|-191.2|-14.89|1804"|FTL|||||
"July 2016 |1283.4|116.2|9.95|2595"|FTL|||||
"June 2016 |1167.3|123.6|11.84|2378"|FTL|||||
"May 2016 |1043.7|18.7|1.83|1873"|FTL|||||
"April 2016 |1025.0|-115.3|-10.11|1799"|FTL|||||
"March 2016 |1140.3|-210.9|-15.61|2075"|FTL|||||
"February 2016 |1351.2|-282.3|-17.28|2467"|FTL|||||
"January 2016 |1633.5|248.1|17.91|3472"|FTL|||||
"December 2015 |1385.4|324.6|30.59|3093"|FTL|||||
"November 2015 |1060.8|-47.4|-4.27|2232"|FTL|||||
"October 2015 |1108.2|67.0|6.44|2059"|FTL|||||
"September 2015 |1041.1|-85.8|-7.61|1813"|FTL|||||
"August 2015 |1126.9|-83.2|-6.88|1830"|FTL|||||
"July 2015 |1210.1|-184.7|-13.24|1935"|FTL|||||
"June 2015 |1394.8|23.0|1.68|2786"|FTL|||||
"May 2015 |1371.8|-78.0|-5.38|2503"|FTL|||||
"April 2015 |1449.9|16.9|1.18|4108"|FTL|||||
"March 2015 |1432.9|-13.7|-0.95|2967"|FTL|||||
"February 2015 |1446.7|-501.1|-25.73|2662"|FTL|||||
"January 2015 |1947.7|140.0|7.75|3947"|FTL|||||
"December 2014 |1807.7|470.8|35.21|4837"|FTL|||||
"November 2014 |1336.9|-15.1|-1.12|3244"|FTL|||||
"October 2014 |1352.1|-6.0|-0.44|2502"|FTL|||||
"September 2014 |1358.0|-439.1|-24.43|2390"|FTL|||||
"August 2014 |1797.1|-379.6|-17.44|3602"|FTL|||||
"July 2014 |2176.7|-335.9|-13.37|4311"|FTL|||||
"June 2014 |2512.6|-407.0|-13.94|7593"|FTL|||||
"May 2014 |2919.6|-4070.7|-58.23|6255"|FTL|||||
"April 2014 |6990.3|5776.1|475.71|18821"|FTL|||||
"March 2014 |1214.2|52.0|4.48|3264"|FTL|||||
"February 2014 |1162.2|-414.7|-26.3|2268"|FTL|||||
"January 2014 |1576.9|-260.7|-14.19|3714"|FTL|||||
"December 2013 |1837.6|536.3|41.21|5334"|FTL|||||
"November 2013 |1301.3|21.5|1.68|3080"|FTL|||||
"October 2013 |1279.7|-754.7|-37.1|2724"|FTL|||||
"September 2013 |2034.4|596.0|41.44|5204"|FTL|||||
"August 2013 |1438.4|-1587.3|-52.46|2982"|FTL|||||
"July 2013 |3025.7|1778.5|142.6|11642"|FTL|||||
"June 2013 |1247.2|356.2|39.97|3503"|FTL|||||
"May 2013 |891.0|-204.7|-18.68|2123"|FTL|||||
"April 2013 |1095.8|-265.9|-19.53|2078"|FTL|||||
"March 2013 |1361.7|-679.3|-33.28|3102"|FTL|||||
"February 2013 |2041.0|-1382.2|-40.38|4588"|FTL|||||
"January 2013 |3423.2|854.0|33.24|9356"|FTL|||||
"December 2012 |2569.2|1369.1|114.09|9308"|FTL|||||
"November 2012 |1200.0|-1188.5|-49.76|2612"|FTL|||||
"October 2012 |2388.5|-4202.9|-63.76|5744"|FTL|||||
"February 2024 |7.9|0.1|1.32|18"|Guild_Of_Dungeoneering_Ultimate_Edition|||||
"January 2024 |7.8|0.0|0.23|19"|Guild_Of_Dungeoneering_Ultimate_Edition|||||
"December 2023 |7.8|0.2|2.11|18"|Guild_Of_Dungeoneering_Ultimate_Edition|||||
"November 2023 |7.6|-1.1|-12.31|21"|Guild_Of_Dungeoneering_Ultimate_Edition|||||
"October 2023 |8.7|-0.5|-5.5|22"|Guild_Of_Dungeoneering_Ultimate_Edition|||||
"September 2023 |9.2|1.8|23.53|25"|Guild_Of_Dungeoneering_Ultimate_Edition|||||
"August 2023 |7.5|-1.9|-20.43|22"|Guild_Of_Dungeoneering_Ultimate_Edition|||||
"July 2023 |9.4|1.9|26.32|22"|Guild_Of_Dungeoneering_Ultimate_Edition|||||
"June 2023 |7.4|-2.4|-24.07|18"|Guild_Of_Dungeoneering_Ultimate_Edition|||||
"May 2023 |9.8|0.2|2.2|22"|Guild_Of_Dungeoneering_Ultimate_Edition|||||
"April 2023 |9.6|0.0|0.27|23"|Guild_Of_Dungeoneering_Ultimate_Edition|||||
"March 2023 |9.5|0.2|1.76|24"|Guild_Of_Dungeoneering_Ultimate_Edition|||||
"February 2023 |9.4|-1.9|-16.9|25"|Guild_Of_Dungeoneering_Ultimate_Edition|||||
"January 2023 |11.3|0.9|8.48|28"|Guild_Of_Dungeoneering_Ultimate_Edition|||||
"December 2022 |10.4|-0.1|-1.06|29"|Guild_Of_Dungeoneering_Ultimate_Edition|||||
"November 2022 |10.5|0.9|9.49|26"|Guild_Of_Dungeoneering_Ultimate_Edition|||||
"October 2022 |9.6|-0.1|-1.13|20"|Guild_Of_Dungeoneering_Ultimate_Edition|||||
"September 2022 |9.7|-1.9|-16.5|23"|Guild_Of_Dungeoneering_Ultimate_Edition|||||
"August 2022 |11.6|-1.4|-10.89|29"|Guild_Of_Dungeoneering_Ultimate_Edition|||||
"July 2022 |13.0|-1.4|-9.41|29"|Guild_Of_Dungeoneering_Ultimate_Edition|||||
"June 2022 |14.4|-2.8|-16.18|30"|Guild_Of_Dungeoneering_Ultimate_Edition|||||
"May 2022 |17.2|-1.4|-7.5|38"|Guild_Of_Dungeoneering_Ultimate_Edition|||||
"April 2022 |18.6|-6.9|-27.2|40"|Guild_Of_Dungeoneering_Ultimate_Edition|||||
"March 2022 |25.5|6.1|31.58|59"|Guild_Of_Dungeoneering_Ultimate_Edition|||||
"February 2022 |19.4|-9.0|-31.82|41"|Guild_Of_Dungeoneering_Ultimate_Edition|||||
"January 2022 |28.4|-28.9|-50.41|53"|Guild_Of_Dungeoneering_Ultimate_Edition|||||
"December 2021 |57.3|-36.0|-38.55|155"|Guild_Of_Dungeoneering_Ultimate_Edition|||||
"November 2021 |93.3|83.2|821.25|433"|Guild_Of_Dungeoneering_Ultimate_Edition|||||
"October 2021 |10.1|-0.5|-4.9|26"|Guild_Of_Dungeoneering_Ultimate_Edition|||||
"September 2021 |10.7|-1.8|-14.65|26"|Guild_Of_Dungeoneering_Ultimate_Edition|||||
"August 2021 |12.5|1.9|17.8|51"|Guild_Of_Dungeoneering_Ultimate_Edition|||||
"July 2021 |10.6|-2.6|-19.6|25"|Guild_Of_Dungeoneering_Ultimate_Edition|||||
"June 2021 |13.2|4.0|43.57|34"|Guild_Of_Dungeoneering_Ultimate_Edition|||||
"May 2021 |9.2|-0.2|-1.91|23"|Guild_Of_Dungeoneering_Ultimate_Edition|||||
"April 2021 |9.3|-0.3|-2.72|22"|Guild_Of_Dungeoneering_Ultimate_Edition|||||
"March 2021 |9.6|-1.3|-12.2|23"|Guild_Of_Dungeoneering_Ultimate_Edition|||||
"February 2021 |10.9|-0.7|-5.58|40"|Guild_Of_Dungeoneering_Ultimate_Edition|||||
"January 2021 |11.6|-0.7|-5.84|30"|Guild_Of_Dungeoneering_Ultimate_Edition|||||
"December 2020 |12.3|-0.6|-4.88|28"|Guild_Of_Dungeoneering_Ultimate_Edition|||||
"November 2020 |12.9|-5.1|-28.24|35"|Guild_Of_Dungeoneering_Ultimate_Edition|||||
"October 2020 |18.1|6.7|59.47|52"|Guild_Of_Dungeoneering_Ultimate_Edition|||||
"September 2020 |11.3|-2.5|-18.29|28"|Guild_Of_Dungeoneering_Ultimate_Edition|||||
"August 2020 |13.8|-2.7|-16.31|32"|Guild_Of_Dungeoneering_Ultimate_Edition|||||
"July 2020 |16.6|2.5|17.97|37"|Guild_Of_Dungeoneering_Ultimate_Edition|||||
"June 2020 |14.0|-11.1|-44.14|32"|Guild_Of_Dungeoneering_Ultimate_Edition|||||
"May 2020 |25.1|10.9|76.98|101"|Guild_Of_Dungeoneering_Ultimate_Edition|||||
"April 2020 |14.2|-0.9|-6.01|29"|Guild_Of_Dungeoneering_Ultimate_Edition|||||
"March 2020 |15.1|2.3|18.38|41"|Guild_Of_Dungeoneering_Ultimate_Edition|||||
"February 2020 |12.8|-4.3|-25.13|31"|Guild_Of_Dungeoneering_Ultimate_Edition|||||
"January 2020 |17.0|-3.5|-17.03|45"|Guild_Of_Dungeoneering_Ultimate_Edition|||||
"December 2019 |20.5|1.8|9.3|52"|Guild_Of_Dungeoneering_Ultimate_Edition|||||
"November 2019 |18.8|1.1|6.08|52"|Guild_Of_Dungeoneering_Ultimate_Edition|||||
"October 2019 |17.7|-3.5|-16.7|40"|Guild_Of_Dungeoneering_Ultimate_Edition|||||
"September 2019 |21.3|6.1|40.46|100"|Guild_Of_Dungeoneering_Ultimate_Edition|||||
"August 2019 |15.1|-5.5|-26.5|34"|Guild_Of_Dungeoneering_Ultimate_Edition|||||
"July 2019 |20.6|4.7|29.34|43"|Guild_Of_Dungeoneering_Ultimate_Edition|||||
"June 2019 |15.9|1.8|13.04|44"|Guild_Of_Dungeoneering_Ultimate_Edition|||||
"May 2019 |14.1|0.1|0.69|33"|Guild_Of_Dungeoneering_Ultimate_Edition|||||
"April 2019 |14.0|-1.7|-10.63|36"|Guild_Of_Dungeoneering_Ultimate_Edition|||||
"March 2019 |15.7|-1.9|-10.65|40"|Guild_Of_Dungeoneering_Ultimate_Edition|||||
"February 2019 |17.5|-2.3|-11.64|43"|Guild_Of_Dungeoneering_Ultimate_Edition|||||
"January 2019 |19.8|-1.8|-8.13|52"|Guild_Of_Dungeoneering_Ultimate_Edition|||||
"December 2018 |21.6|0.5|2.16|60"|Guild_Of_Dungeoneering_Ultimate_Edition|||||
"November 2018 |21.1|-4.6|-17.87|69"|Guild_Of_Dungeoneering_Ultimate_Edition|||||
"October 2018 |25.7|-9.3|-26.58|65"|Guild_Of_Dungeoneering_Ultimate_Edition|||||
"September 2018 |35.0|5.3|17.89|154"|Guild_Of_Dungeoneering_Ultimate_Edition|||||
"August 2018 |29.7|-3.5|-10.57|101"|Guild_Of_Dungeoneering_Ultimate_Edition|||||
"July 2018 |33.2|3.3|10.93|92"|Guild_Of_Dungeoneering_Ultimate_Edition|||||
"June 2018 |30.0|6.4|27.08|96"|Guild_Of_Dungeoneering_Ultimate_Edition|||||
"May 2018 |23.6|-0.6|-2.38|51"|Guild_Of_Dungeoneering_Ultimate_Edition|||||
"April 2018 |24.1|-3.6|-12.94|53"|Guild_Of_Dungeoneering_Ultimate_Edition|||||
"March 2018 |27.7|-7.9|-22.17|59"|Guild_Of_Dungeoneering_Ultimate_Edition|||||
"February 2018 |35.6|-12.4|-25.8|79"|Guild_Of_Dungeoneering_Ultimate_Edition|||||
"January 2018 |48.0|0.5|1.13|100"|Guild_Of_Dungeoneering_Ultimate_Edition|||||
"December 2017 |47.5|-15.8|-24.9|111"|Guild_Of_Dungeoneering_Ultimate_Edition|||||
"November 2017 |63.3|-100.5|-61.39|157"|Guild_Of_Dungeoneering_Ultimate_Edition|||||
"October 2017 |163.8|149.5|1046.71|579"|Guild_Of_Dungeoneering_Ultimate_Edition|||||
"September 2017 |14.3|-2.9|-16.98|34"|Guild_Of_Dungeoneering_Ultimate_Edition|||||
"August 2017 |17.2|-11.5|-39.97|47"|Guild_Of_Dungeoneering_Ultimate_Edition|||||
"July 2017 |28.7|-3.9|-11.98|93"|Guild_Of_Dungeoneering_Ultimate_Edition|||||
"June 2017 |32.6|-18.4|-36.12|100"|Guild_Of_Dungeoneering_Ultimate_Edition|||||
"May 2017 |51.0|35.1|221.32|342"|Guild_Of_Dungeoneering_Ultimate_Edition|||||
"April 2017 |15.9|-2.4|-13.06|30"|Guild_Of_Dungeoneering_Ultimate_Edition|||||
"March 2017 |18.3|-0.5|-2.42|45"|Guild_Of_Dungeoneering_Ultimate_Edition|||||
"February 2017 |18.7|-9.7|-34.08|36"|Guild_Of_Dungeoneering_Ultimate_Edition|||||
"January 2017 |28.4|-0.1|-0.23|107"|Guild_Of_Dungeoneering_Ultimate_Edition|||||
"December 2016 |28.4|-35.1|-55.25|92"|Guild_Of_Dungeoneering_Ultimate_Edition|||||
"November 2016 |63.5|12.9|25.41|288"|Guild_Of_Dungeoneering_Ultimate_Edition|||||
"October 2016 |50.7|35.7|238.96|481"|Guild_Of_Dungeoneering_Ultimate_Edition|||||
"September 2016 |14.9|-5.9|-28.15|36"|Guild_Of_Dungeoneering_Ultimate_Edition|||||
"August 2016 |20.8|-17.8|-46.15|43"|Guild_Of_Dungeoneering_Ultimate_Edition|||||
"July 2016 |38.6|7.0|21.94|113"|Guild_Of_Dungeoneering_Ultimate_Edition|||||
"June 2016 |31.7|11.9|60.49|144"|Guild_Of_Dungeoneering_Ultimate_Edition|||||
"May 2016 |19.7|0.8|4.29|41"|Guild_Of_Dungeoneering_Ultimate_Edition|||||
"April 2016 |18.9|-2.1|-10.06|50"|Guild_Of_Dungeoneering_Ultimate_Edition|||||
"March 2016 |21.1|-11.8|-35.88|50"|Guild_Of_Dungeoneering_Ultimate_Edition|||||
"February 2016 |32.8|-13.6|-29.35|77"|Guild_Of_Dungeoneering_Ultimate_Edition|||||
"January 2016 |46.5|-8.0|-14.63|138"|Guild_Of_Dungeoneering_Ultimate_Edition|||||
"December 2015 |54.4|-27.6|-33.68|155"|Guild_Of_Dungeoneering_Ultimate_Edition|||||
"November 2015 |82.0|35.4|75.98|345"|Guild_Of_Dungeoneering_Ultimate_Edition|||||
"October 2015 |46.6|-45.5|-49.41|151"|Guild_Of_Dungeoneering_Ultimate_Edition|||||
"September 2015 |92.2|-10.3|-10.06|396"|Guild_Of_Dungeoneering_Ultimate_Edition|||||
"August 2015 |102.5|-174.8|-63.05|278"|Guild_Of_Dungeoneering_Ultimate_Edition|||||
"July 2015 |277.3|277.1|135750.71|1793"|Guild_Of_Dungeoneering_Ultimate_Edition|||||
"June 2015 |0.2|0.2|1818.65|3"|Guild_Of_Dungeoneering_Ultimate_Edition|||||
"April 2015 |0.0|-0.0|-66.9|1"|Guild_Of_Dungeoneering_Ultimate_Edition|||||
"February 2024 |4530.2|-687.7|-13.18|8166"|Hades|||||
"January 2024 |5217.9|-458.4|-8.08|8963"|Hades|||||
"December 2023 |5676.3|1257.8|28.47|9428"|Hades|||||
"November 2023 |4418.5|1082.8|32.46|8612"|Hades|||||
"October 2023 |3335.7|-300.5|-8.26|7123"|Hades|||||
"September 2023 |3636.1|238.2|7.01|8221"|Hades|||||
"August 2023 |3397.9|-1451.2|-29.93|5428"|Hades|||||
"July 2023 |4849.2|1927.5|65.97|7996"|Hades|||||
"June 2023 |2921.7|-1032.2|-26.11|5205"|Hades|||||
"May 2023 |3953.9|-1361.4|-25.61|7570"|Hades|||||
"April 2023 |5315.3|266.0|5.27|11963"|Hades|||||
"March 2023 |5049.3|38.7|0.77|10812"|Hades|||||
"February 2023 |5010.6|-4647.6|-48.12|8198"|Hades|||||
"January 2023 |9658.2|-1359.4|-12.34|16843"|Hades|||||
"December 2022 |11017.6|6231.6|130.2|20050"|Hades|||||
"November 2022 |4786.0|220.7|4.83|9350"|Hades|||||
"October 2022 |4565.3|-651.5|-12.49|9490"|Hades|||||
"September 2022 |5216.8|-362.5|-6.5|12105"|Hades|||||
"August 2022 |5579.3|-612.6|-9.89|13576"|Hades|||||
"July 2022 |6191.9|2250.2|57.09|14044"|Hades|||||
"June 2022 |3941.8|190.2|5.07|10020"|Hades|||||
"May 2022 |3751.6|-856.4|-18.59|6097"|Hades|||||
"April 2022 |4608.0|-353.0|-7.12|9267"|Hades|||||
"March 2022 |4961.0|-1395.7|-21.96|10310"|Hades|||||
"February 2022 |6356.8|-1023.1|-13.86|12076"|Hades|||||
"January 2022 |7379.9|1008.9|15.84|12295"|Hades|||||
"December 2021 |6371.0|625.8|10.89|11055"|Hades|||||
"November 2021 |5745.2|823.7|16.74|12607"|Hades|||||
"October 2021 |4921.5|-451.3|-8.4|13666"|Hades|||||
"September 2021 |5372.8|-787.9|-12.79|8308"|Hades|||||
"August 2021 |6160.7|-2156.0|-25.92|9150"|Hades|||||
"July 2021 |8316.7|3020.7|57.04|15468"|Hades|||||
"June 2021 |5296.0|431.1|8.86|14563"|Hades|||||
"May 2021 |4864.9|-1501.7|-23.59|7582"|Hades|||||
"April 2021 |6366.6|-3371.6|-34.62|11114"|Hades|||||
"March 2021 |9738.1|-1110.9|-10.24|18007"|Hades|||||
"February 2021 |10849.1|-7926.4|-42.22|16939"|Hades|||||
"January 2021 |18775.5|1173.0|6.66|35048"|Hades|||||
"December 2020 |17602.4|-427.4|-2.37|29764"|Hades|||||
"November 2020 |18029.9|-1557.2|-7.95|30509"|Hades|||||
"October 2020 |19587.1|8261.6|72.95|32431"|Hades|||||
"September 2020 |11325.5|10058.0|793.52|37586"|Hades|||||
"August 2020 |1267.5|-1203.9|-48.71|1929"|Hades|||||
"July 2020 |2471.4|716.5|40.82|4995"|Hades|||||
"June 2020 |1755.0|-201.8|-10.31|5646"|Hades|||||
"May 2020 |1956.8|959.1|96.14|6070"|Hades|||||
"April 2020 |997.6|-1079.6|-51.97|2079"|Hades|||||
"March 2020 |2077.3|-434.1|-17.29|5941"|Hades|||||
"February 2020 |2511.3|-1723.2|-40.69|5566"|Hades|||||
"January 2020 |4234.5|-154.4|-3.52|8086"|Hades|||||
"February 2024 |110.5|-72.1|-39.48|203"|Moonlighter|||||
"January 2024 |182.6|-65.8|-26.47|351"|Moonlighter|||||
"December 2023 |248.4|83.8|50.94|466"|Moonlighter|||||
"November 2023 |164.5|10.8|7.0|356"|Moonlighter|||||
"October 2023 |153.8|-35.4|-18.72|357"|Moonlighter|||||
"September 2023 |189.2|34.8|22.52|383"|Moonlighter|||||
"August 2023 |154.4|-124.5|-44.63|405"|Moonlighter|||||
"July 2023 |278.9|46.9|20.23|475"|Moonlighter|||||
"June 2023 |231.9|75.9|48.65|749"|Moonlighter|||||
"May 2023 |156.0|-158.1|-50.32|380"|Moonlighter|||||
"April 2023 |314.1|-132.7|-29.7|725"|Moonlighter|||||
"March 2023 |446.8|282.9|172.48|1880"|Moonlighter|||||
"February 2023 |164.0|3.1|1.94|481"|Moonlighter|||||
"January 2023 |160.9|-31.1|-16.19|304"|Moonlighter|||||
"December 2022 |191.9|-5.2|-2.64|326"|Moonlighter|||||
"November 2022 |197.2|34.6|21.29|394"|Moonlighter|||||
"October 2022 |162.6|-80.5|-33.13|453"|Moonlighter|||||
"September 2022 |243.1|100.6|70.57|981"|Moonlighter|||||
"August 2022 |142.5|-52.6|-26.95|309"|Moonlighter|||||
"July 2022 |195.1|-17.3|-8.15|376"|Moonlighter|||||
"June 2022 |212.4|61.8|41.02|649"|Moonlighter|||||
"May 2022 |150.6|58.5|63.59|402"|Moonlighter|||||
"April 2022 |92.1|-30.6|-24.92|184"|Moonlighter|||||
"March 2022 |122.6|-11.3|-8.43|342"|Moonlighter|||||
"February 2022 |133.9|-141.1|-51.3|281"|Moonlighter|||||
"January 2022 |275.0|140.2|104.05|989"|Moonlighter|||||
"December 2021 |134.8|9.3|7.37|315"|Moonlighter|||||
"November 2021 |125.5|-136.4|-52.09|285"|Moonlighter|||||
"October 2021 |261.9|186.2|245.69|1074"|Moonlighter|||||
"September 2021 |75.8|-18.4|-19.54|141"|Moonlighter|||||
"August 2021 |94.2|-60.2|-38.99|163"|Moonlighter|||||
"July 2021 |154.3|-35.9|-18.87|330"|Moonlighter|||||
"June 2021 |190.2|39.4|26.11|499"|Moonlighter|||||
"May 2021 |150.8|-80.6|-34.82|417"|Moonlighter|||||
"April 2021 |231.5|133.5|136.23|1009"|Moonlighter|||||
"March 2021 |98.0|-57.9|-37.15|179"|Moonlighter|||||
"February 2021 |155.9|-29.1|-15.74|380"|Moonlighter|||||
"January 2021 |185.0|-61.6|-24.98|455"|Moonlighter|||||
"December 2020 |246.6|113.8|85.61|819"|Moonlighter|||||
"November 2020 |132.9|52.9|66.22|332"|Moonlighter|||||
"October 2020 |79.9|-13.4|-14.34|207"|Moonlighter|||||
"September 2020 |93.3|-29.2|-23.86|160"|Moonlighter|||||
"August 2020 |122.5|-109.7|-47.22|214"|Moonlighter|||||
"July 2020 |232.2|-331.8|-58.83|524"|Moonlighter|||||
"June 2020 |564.0|384.7|214.5|1801"|Moonlighter|||||
"May 2020 |179.3|46.5|34.97|704"|Moonlighter|||||
"April 2020 |132.9|-16.1|-10.8|232"|Moonlighter|||||
"March 2020 |149.0|-109.6|-42.39|295"|Moonlighter|||||
"February 2020 |258.6|68.2|35.81|1170"|Moonlighter|||||
"January 2020 |190.4|-59.0|-23.67|466"|Moonlighter|||||
"December 2019 |249.4|80.3|47.45|745"|Moonlighter|||||
"November 2019 |169.2|-167.8|-49.79|454"|Moonlighter|||||
"October 2019 |336.9|203.1|151.67|1214"|Moonlighter|||||
"September 2019 |133.9|-85.8|-39.05|268"|Moonlighter|||||
"August 2019 |219.7|-343.6|-61.01|549"|Moonlighter|||||
"July 2019 |563.3|30.7|5.76|1299"|Moonlighter|||||
"June 2019 |532.6|357.2|203.62|1767"|Moonlighter|||||
"May 2019 |175.4|-47.8|-21.42|1512"|Moonlighter|||||
"April 2019 |223.3|112.0|100.74|798"|Moonlighter|||||
"March 2019 |111.2|-230.9|-67.49|282"|Moonlighter|||||
"February 2019 |342.1|188.4|122.64|1244"|Moonlighter|||||
"January 2019 |153.6|-53.6|-25.85|508"|Moonlighter|||||
"December 2018 |207.2|27.8|15.46|885"|Moonlighter|||||
"November 2018 |179.5|-72.1|-28.66|429"|Moonlighter|||||
"October 2018 |251.6|164.3|188.39|1342"|Moonlighter|||||
"September 2018 |87.2|-223.4|-71.92|195"|Moonlighter|||||
"August 2018 |310.7|9.6|3.17|1316"|Moonlighter|||||
"July 2018 |301.1|-673.0|-69.09|707"|Moonlighter|||||
"June 2018 |974.1|973.5|155900.38|4121"|Moonlighter|||||
"March 2018 |0.6|0.3|130.41|5"|Moonlighter|||||
"February 2018 |0.3|0.1|88.4|3"|Moonlighter|||||
"January 2018 |0.1|-0.3|-68.45|3"|Moonlighter|||||
"December 2017 |0.5|0.4|1561.9|2"|Moonlighter|||||
"November 2017 |0.0|-0.0|-37.25|1"|Moonlighter|||||
"October 2017 |0.0|-0.1|-70.31|1"|Moonlighter|||||
"September 2017 |0.1|-0.1|-24.04|4"|Moonlighter|||||
"August 2017 |0.2|0.2|491.15|3"|Moonlighter|||||
"July 2017 |0.0|-0.0|-53.39|1"|Moonlighter|||||
"June 2017 |0.1|0.1|inf|1"|Moonlighter|||||
"May 2017 |0.0|-0.1|-100.0|0"|Moonlighter|||||
"February 2024 |26.7|-8.8|-24.72|54"|Risk_Of_Rain|||||
"January 2024 |35.5|-17.0|-32.35|76"|Risk_Of_Rain|||||
"December 2023 |52.5|-42.5|-44.73|111"|Risk_Of_Rain|||||
"November 2023 |95.0|34.0|55.71|183"|Risk_Of_Rain|||||
"October 2023 |61.0|5.8|10.41|133"|Risk_Of_Rain|||||
"September 2023 |55.2|-10.2|-15.64|97"|Risk_Of_Rain|||||
"August 2023 |65.5|-58.1|-47.01|166"|Risk_Of_Rain|||||
"July 2023 |123.6|17.2|16.16|276"|Risk_Of_Rain|||||
"June 2023 |106.4|50.7|91.15|393"|Risk_Of_Rain|||||
"May 2023 |55.6|-12.9|-18.87|100"|Risk_Of_Rain|||||
"April 2023 |68.6|-12.8|-15.77|120"|Risk_Of_Rain|||||
"March 2023 |81.4|9.3|12.87|176"|Risk_Of_Rain|||||
"February 2023 |72.2|-18.9|-20.73|128"|Risk_Of_Rain|||||
"January 2023 |91.0|8.4|10.15|168"|Risk_Of_Rain|||||
"December 2022 |82.6|29.1|54.21|238"|Risk_Of_Rain|||||
"November 2022 |53.6|3.7|7.33|95"|Risk_Of_Rain|||||
"October 2022 |49.9|-2.8|-5.24|88"|Risk_Of_Rain|||||
"September 2022 |52.7|-1.7|-3.11|95"|Risk_Of_Rain|||||
"August 2022 |54.4|-22.0|-28.79|164"|Risk_Of_Rain|||||
"July 2022 |76.4|9.8|14.75|142"|Risk_Of_Rain|||||
"June 2022 |66.5|-2.4|-3.47|153"|Risk_Of_Rain|||||
"May 2022 |68.9|-24.9|-26.52|126"|Risk_Of_Rain|||||
"April 2022 |93.8|-4.2|-4.32|183"|Risk_Of_Rain|||||
"March 2022 |98.0|2.3|2.35|183"|Risk_Of_Rain|||||
"February 2022 |95.8|-1.3|-1.3|171"|Risk_Of_Rain|||||
"January 2022 |97.1|5.5|6.05|191"|Risk_Of_Rain|||||
"December 2021 |91.5|-0.2|-0.24|189"|Risk_Of_Rain|||||
"November 2021 |91.7|21.7|31.0|165"|Risk_Of_Rain|||||
"October 2021 |70.0|4.9|7.54|196"|Risk_Of_Rain|||||
"September 2021 |65.1|-7.5|-10.38|108"|Risk_Of_Rain|||||
"August 2021 |72.7|-29.2|-28.65|114"|Risk_Of_Rain|||||
"July 2021 |101.8|20.4|25.12|204"|Risk_Of_Rain|||||
"June 2021 |81.4|5.0|6.61|183"|Risk_Of_Rain|||||
"May 2021 |76.4|-16.6|-17.82|127"|Risk_Of_Rain|||||
"April 2021 |92.9|12.6|15.69|157"|Risk_Of_Rain|||||
"March 2021 |80.3|-16.2|-16.75|141"|Risk_Of_Rain|||||
"February 2021 |96.5|-29.9|-23.64|201"|Risk_Of_Rain|||||
"January 2021 |126.3|23.5|22.81|294"|Risk_Of_Rain|||||
"December 2020 |102.9|25.4|32.69|245"|Risk_Of_Rain|||||
"November 2020 |77.5|-9.9|-11.34|127"|Risk_Of_Rain|||||
"October 2020 |87.4|-43.0|-32.98|151"|Risk_Of_Rain|||||
"September 2020 |130.5|-13.6|-9.46|218"|Risk_Of_Rain|||||
"August 2020 |144.1|22.3|18.3|264"|Risk_Of_Rain|||||
"July 2020 |121.8|29.9|32.53|224"|Risk_Of_Rain|||||
"June 2020 |91.9|-15.7|-14.56|214"|Risk_Of_Rain|||||
"May 2020 |107.6|-67.4|-38.53|183"|Risk_Of_Rain|||||
"April 2020 |175.0|51.3|41.48|322"|Risk_Of_Rain|||||
"March 2020 |123.7|6.7|5.74|212"|Risk_Of_Rain|||||
"February 2020 |117.0|-37.2|-24.14|202"|Risk_Of_Rain|||||
"January 2020 |154.2|1.0|0.66|313"|Risk_Of_Rain|||||
"December 2019 |153.2|48.3|46.03|364"|Risk_Of_Rain|||||
"November 2019 |104.9|-4.6|-4.2|199"|Risk_Of_Rain|||||
"October 2019 |109.5|-8.0|-6.78|200"|Risk_Of_Rain|||||
"September 2019 |117.5|-11.1|-8.65|199"|Risk_Of_Rain|||||
"August 2019 |128.6|-78.4|-37.87|218"|Risk_Of_Rain|||||
"July 2019 |207.0|41.0|24.68|373"|Risk_Of_Rain|||||
"June 2019 |166.0|-65.2|-28.19|412"|Risk_Of_Rain|||||
"May 2019 |231.2|-242.9|-51.24|447"|Risk_Of_Rain|||||
"April 2019 |474.1|246.3|108.1|923"|Risk_Of_Rain|||||
"March 2019 |227.8|40.5|21.61|934"|Risk_Of_Rain|||||
"February 2019 |187.3|-34.9|-15.71|332"|Risk_Of_Rain|||||
"January 2019 |222.3|-37.0|-14.29|373"|Risk_Of_Rain|||||
"December 2018 |259.3|-119.0|-31.46|451"|Risk_Of_Rain|||||
"November 2018 |378.3|177.5|88.39|1531"|Risk_Of_Rain|||||
"October 2018 |200.8|-70.3|-25.93|362"|Risk_Of_Rain|||||
"September 2018 |271.1|68.3|33.67|617"|Risk_Of_Rain|||||
"August 2018 |202.8|-205.5|-50.32|325"|Risk_Of_Rain|||||
"July 2018 |408.3|144.9|55.02|1277"|Risk_Of_Rain|||||
"June 2018 |263.4|-17.1|-6.1|512"|Risk_Of_Rain|||||
"May 2018 |280.5|68.4|32.25|439"|Risk_Of_Rain|||||
"April 2018 |212.1|-7.6|-3.46|369"|Risk_Of_Rain|||||
"March 2018 |219.7|-27.5|-11.12|354"|Risk_Of_Rain|||||
"February 2018 |247.2|-104.4|-29.69|431"|Risk_Of_Rain|||||
"January 2018 |351.5|5.7|1.64|648"|Risk_Of_Rain|||||
"December 2017 |345.8|90.8|35.63|688"|Risk_Of_Rain|||||
"November 2017 |255.0|27.6|12.16|604"|Risk_Of_Rain|||||
"October 2017 |227.3|-4.7|-2.03|382"|Risk_Of_Rain|||||
"September 2017 |232.0|-9.5|-3.93|404"|Risk_Of_Rain|||||
"August 2017 |241.5|-138.0|-36.36|378"|Risk_Of_Rain|||||
"July 2017 |379.5|-45.3|-10.66|721"|Risk_Of_Rain|||||
"June 2017 |424.9|-19.8|-4.45|762"|Risk_Of_Rain|||||
"May 2017 |444.6|175.7|65.34|1624"|Risk_Of_Rain|||||
"April 2017 |268.9|-39.2|-12.73|458"|Risk_Of_Rain|||||
"March 2017 |308.2|-258.8|-45.65|556"|Risk_Of_Rain|||||
"February 2017 |567.0|92.4|19.46|1185"|Risk_Of_Rain|||||
"January 2017 |474.6|75.7|18.96|1062"|Risk_Of_Rain|||||
"December 2016 |398.9|109.1|37.64|1103"|Risk_Of_Rain|||||
"November 2016 |289.9|9.7|3.47|483"|Risk_Of_Rain|||||
"October 2016 |280.1|-1.9|-0.67|500"|Risk_Of_Rain|||||
"September 2016 |282.0|-39.8|-12.37|476"|Risk_Of_Rain|||||
"August 2016 |321.8|-178.7|-35.7|509"|Risk_Of_Rain|||||
"July 2016 |500.5|102.4|25.71|996"|Risk_Of_Rain|||||
"June 2016 |398.2|33.5|9.18|936"|Risk_Of_Rain|||||
"May 2016 |364.7|-9.0|-2.42|688"|Risk_Of_Rain|||||
"April 2016 |373.7|-60.1|-13.86|653"|Risk_Of_Rain|||||
"March 2016 |433.8|-222.5|-33.9|716"|Risk_Of_Rain|||||
"February 2016 |656.3|-367.3|-35.88|1210"|Risk_Of_Rain|||||
"January 2016 |1023.6|332.4|48.08|2703"|Risk_Of_Rain|||||
"December 2015 |691.2|287.5|71.21|1630"|Risk_Of_Rain|||||
"November 2015 |403.7|34.7|9.41|1039"|Risk_Of_Rain|||||
"October 2015 |369.0|21.9|6.3|669"|Risk_Of_Rain|||||
"September 2015 |347.1|-57.3|-14.16|613"|Risk_Of_Rain|||||
"August 2015 |404.4|-62.4|-13.37|632"|Risk_Of_Rain|||||
"July 2015 |466.8|-365.2|-43.89|721"|Risk_Of_Rain|||||
"June 2015 |832.0|168.2|25.34|2423"|Risk_Of_Rain|||||
"May 2015 |663.8|-311.2|-31.92|1561"|Risk_Of_Rain|||||
"April 2015 |975.0|519.9|114.24|2717"|Risk_Of_Rain|||||
"March 2015 |455.1|-56.6|-11.06|883"|Risk_Of_Rain|||||
"February 2015 |511.7|-208.6|-28.96|931"|Risk_Of_Rain|||||
"January 2015 |720.3|-444.6|-38.17|1409"|Risk_Of_Rain|||||
"December 2014 |1164.9|-485.1|-29.4|3136"|Risk_Of_Rain|||||
"November 2014 |1650.0|907.5|122.22|4200"|Risk_Of_Rain|||||
"October 2014 |742.5|311.1|72.11|3587"|Risk_Of_Rain|||||
"September 2014 |431.4|-83.5|-16.21|760"|Risk_Of_Rain|||||
"August 2014 |514.9|-362.3|-41.31|886"|Risk_Of_Rain|||||
"July 2014 |877.2|-302.8|-25.66|2247"|Risk_Of_Rain|||||
"June 2014 |1180.0|273.9|30.22|5446"|Risk_Of_Rain|||||
"May 2014 |906.1|342.3|60.7|2343"|Risk_Of_Rain|||||
"April 2014 |563.9|62.2|12.4|3450"|Risk_Of_Rain|||||
"March 2014 |501.6|-566.2|-53.02|1230"|Risk_Of_Rain|||||
"February 2014 |1067.9|-81.1|-7.06|3185"|Risk_Of_Rain|||||
"January 2014 |1149.0|-248.6|-17.79|3479"|Risk_Of_Rain|||||
"December 2013 |1397.6|-461.6|-24.83|4128"|Risk_Of_Rain|||||
"February 2024 |4530.2|-687.7|-13.18|8166"|Risk_Of_Rain_2|||||
"January 2024 |5217.9|-458.4|-8.08|8963"|Risk_Of_Rain_2|||||
"December 2023 |5676.3|1257.8|28.47|9428"|Risk_Of_Rain_2|||||
"November 2023 |4418.5|1082.8|32.46|8612"|Risk_Of_Rain_2|||||
"October 2023 |3335.7|-300.5|-8.26|7123"|Risk_Of_Rain_2|||||
"September 2023 |3636.1|238.2|7.01|8221"|Risk_Of_Rain_2|||||
"August 2023 |3397.9|-1451.2|-29.93|5428"|Risk_Of_Rain_2|||||
"July 2023 |4849.2|1927.5|65.97|7996"|Risk_Of_Rain_2|||||
"June 2023 |2921.7|-1032.2|-26.11|5205"|Risk_Of_Rain_2|||||
"May 2023 |3953.9|-1361.4|-25.61|7570"|Risk_Of_Rain_2|||||
"April 2023 |5315.3|266.0|5.27|11963"|Risk_Of_Rain_2|||||
"March 2023 |5049.3|38.7|0.77|10812"|Risk_Of_Rain_2|||||
"February 2023 |5010.6|-4647.6|-48.12|8198"|Risk_Of_Rain_2|||||
"January 2023 |9658.2|-1359.4|-12.34|16843"|Risk_Of_Rain_2|||||
"December 2022 |11017.6|6231.6|130.2|20050"|Risk_Of_Rain_2|||||
"November 2022 |4786.0|220.7|4.83|9350"|Risk_Of_Rain_2|||||
"October 2022 |4565.3|-651.5|-12.49|9490"|Risk_Of_Rain_2|||||
"September 2022 |5216.8|-362.5|-6.5|12105"|Risk_Of_Rain_2|||||
"August 2022 |5579.3|-612.6|-9.89|13576"|Risk_Of_Rain_2|||||
"July 2022 |6191.9|2250.2|57.09|14044"|Risk_Of_Rain_2|||||
"June 2022 |3941.8|190.2|5.07|10020"|Risk_Of_Rain_2|||||
"May 2022 |3751.6|-856.4|-18.59|6097"|Risk_Of_Rain_2|||||
"April 2022 |4608.0|-353.0|-7.12|9267"|Risk_Of_Rain_2|||||
"March 2022 |4961.0|-1395.7|-21.96|10310"|Risk_Of_Rain_2|||||
"February 2022 |6356.8|-1023.1|-13.86|12076"|Risk_Of_Rain_2|||||
"January 2022 |7379.9|1008.9|15.84|12295"|Risk_Of_Rain_2|||||
"December 2021 |6371.0|625.8|10.89|11055"|Risk_Of_Rain_2|||||
"November 2021 |5745.2|823.7|16.74|12607"|Risk_Of_Rain_2|||||
"October 2021 |4921.5|-451.3|-8.4|13666"|Risk_Of_Rain_2|||||
"September 2021 |5372.8|-787.9|-12.79|8308"|Risk_Of_Rain_2|||||
"August 2021 |6160.7|-2156.0|-25.92|9150"|Risk_Of_Rain_2|||||
"July 2021 |8316.7|3020.7|57.04|15468"|Risk_Of_Rain_2|||||
"June 2021 |5296.0|431.1|8.86|14563"|Risk_Of_Rain_2|||||
"May 2021 |4864.9|-1501.7|-23.59|7582"|Risk_Of_Rain_2|||||
"April 2021 |6366.6|-3371.6|-34.62|11114"|Risk_Of_Rain_2|||||
"March 2021 |9738.1|-1110.9|-10.24|18007"|Risk_Of_Rain_2|||||
"February 2021 |10849.1|-7926.4|-42.22|16939"|Risk_Of_Rain_2|||||
"January 2021 |18775.5|1173.0|6.66|35048"|Risk_Of_Rain_2|||||
"December 2020 |17602.4|-427.4|-2.37|29764"|Risk_Of_Rain_2|||||
"November 2020 |18029.9|-1557.2|-7.95|30509"|Risk_Of_Rain_2|||||
"October 2020 |19587.1|8261.6|72.95|32431"|Risk_Of_Rain_2|||||
"September 2020 |11325.5|10058.0|793.52|37586"|Risk_Of_Rain_2|||||
"August 2020 |1267.5|-1203.9|-48.71|1929"|Risk_Of_Rain_2|||||
"July 2020 |2471.4|716.5|40.82|4995"|Risk_Of_Rain_2|||||
"June 2020 |1755.0|-201.8|-10.31|5646"|Risk_Of_Rain_2|||||
"May 2020 |1956.8|959.1|96.14|6070"|Risk_Of_Rain_2|||||
"April 2020 |997.6|-1079.6|-51.97|2079"|Risk_Of_Rain_2|||||
"March 2020 |2077.3|-434.1|-17.29|5941"|Risk_Of_Rain_2|||||
"February 2020 |2511.3|-1723.2|-40.69|5566"|Risk_Of_Rain_2|||||
"January 2020 |4234.5|-154.4|-3.52|8086"|Risk_Of_Rain_2|||||
"February 2024 |9937.4|-746.2|-6.98|15256"|Slay_The_Spire|||||
"January 2024 |10683.5|552.1|5.45|16383"|Slay_The_Spire|||||
"December 2023 |10131.4|-325.9|-3.12|15450"|Slay_The_Spire|||||
"November 2023 |10457.3|432.0|4.31|18760"|Slay_The_Spire|||||
"October 2023 |10025.4|-62.9|-0.62|18812"|Slay_The_Spire|||||
"September 2023 |10088.3|1307.6|14.89|18551"|Slay_The_Spire|||||
"August 2023 |8780.6|-552.8|-5.92|15058"|Slay_The_Spire|||||
"July 2023 |9333.5|2394.5|34.51|14646"|Slay_The_Spire|||||
"June 2023 |6938.9|-926.7|-11.78|11866"|Slay_The_Spire|||||
"May 2023 |7865.6|-1951.1|-19.88|12617"|Slay_The_Spire|||||
"April 2023 |9816.7|63.4|0.65|16630"|Slay_The_Spire|||||
"March 2023 |9753.3|1348.4|16.04|18812"|Slay_The_Spire|||||
"February 2023 |8404.9|-1381.1|-14.11|11835"|Slay_The_Spire|||||
"January 2023 |9786.0|258.7|2.72|14255"|Slay_The_Spire|||||
"December 2022 |9527.3|-775.0|-7.52|18748"|Slay_The_Spire|||||
"November 2022 |10302.3|3209.7|45.25|19314"|Slay_The_Spire|||||
"October 2022 |7092.6|-28.0|-0.39|10043"|Slay_The_Spire|||||
"September 2022 |7120.6|-640.3|-8.25|10495"|Slay_The_Spire|||||
"August 2022 |7761.0|-2048.7|-20.88|11010"|Slay_The_Spire|||||
"July 2022 |9809.7|1701.2|20.98|16576"|Slay_The_Spire|||||
"June 2022 |8108.6|-2049.1|-20.17|15401"|Slay_The_Spire|||||
"May 2022 |10157.7|1841.8|22.15|18918"|Slay_The_Spire|||||
"April 2022 |8315.9|1444.4|21.02|11555"|Slay_The_Spire|||||
"March 2022 |6871.5|454.5|7.08|10695"|Slay_The_Spire|||||
"February 2022 |6417.0|-1849.8|-22.38|8485"|Slay_The_Spire|||||
"January 2022 |8266.8|763.2|10.17|11903"|Slay_The_Spire|||||
"December 2021 |7503.7|738.1|10.91|11087"|Slay_The_Spire|||||
"November 2021 |6765.6|-389.8|-5.45|11044"|Slay_The_Spire|||||
"October 2021 |7155.4|476.9|7.14|13759"|Slay_The_Spire|||||
"September 2021 |6678.5|-856.9|-11.37|9160"|Slay_The_Spire|||||
"August 2021 |7535.4|405.5|5.69|10843"|Slay_The_Spire|||||
"July 2021 |7129.8|1166.6|19.56|10831"|Slay_The_Spire|||||
"June 2021 |5963.3|502.7|9.21|10381"|Slay_The_Spire|||||
"May 2021 |5460.5|4.0|0.07|7222"|Slay_The_Spire|||||
"April 2021 |5456.5|-863.2|-13.66|7304"|Slay_The_Spire|||||
"March 2021 |6319.7|-1156.2|-15.47|8773"|Slay_The_Spire|||||
"February 2021 |7476.0|-628.5|-7.75|10380"|Slay_The_Spire|||||
"January 2021 |8104.4|825.2|11.34|11077"|Slay_The_Spire|||||
"December 2020 |7279.2|1139.6|18.56|10297"|Slay_The_Spire|||||
"November 2020 |6139.6|430.8|7.55|9696"|Slay_The_Spire|||||
"October 2020 |5708.8|204.1|3.71|10695"|Slay_The_Spire|||||
"September 2020 |5504.8|-1021.8|-15.66|7895"|Slay_The_Spire|||||
"August 2020 |6526.5|-30.6|-0.47|9584"|Slay_The_Spire|||||
"July 2020 |6557.1|1033.5|18.71|9621"|Slay_The_Spire|||||
"June 2020 |5523.6|-714.3|-11.45|9030"|Slay_The_Spire|||||
"May 2020 |6238.0|-850.6|-12.0|7994"|Slay_The_Spire|||||
"April 2020 |7088.6|-901.5|-11.28|14267"|Slay_The_Spire|||||
"March 2020 |7990.1|-1524.9|-16.03|10626"|Slay_The_Spire|||||
"February 2020 |9515.0|-1404.4|-12.86|13209"|Slay_The_Spire|||||
"January 2020 |10919.5|4995.3|84.32|20383"|Slay_The_Spire|||||
"December 2019 |5924.2|952.4|19.16|10057"|Slay_The_Spire|||||
"November 2019 |4971.8|-498.1|-9.11|7128"|Slay_The_Spire|||||
"October 2019 |5469.9|-856.3|-13.54|7864"|Slay_The_Spire|||||
"September 2019 |6326.3|249.9|4.11|9434"|Slay_The_Spire|||||
"August 2019 |6076.3|-510.8|-7.76|10357"|Slay_The_Spire|||||
"July 2019 |6587.2|1376.1|26.41|11521"|Slay_The_Spire|||||
"June 2019 |5211.0|-83.6|-1.58|9508"|Slay_The_Spire|||||
"May 2019 |5294.6|-172.6|-3.16|7471"|Slay_The_Spire|||||
"April 2019 |5467.3|-1422.1|-20.64|7816"|Slay_The_Spire|||||
"March 2019 |6889.4|-1448.3|-17.37|10303"|Slay_The_Spire|||||
"February 2019 |8337.6|-2069.0|-19.88|12407"|Slay_The_Spire|||||
"January 2019 |10406.6|2128.4|25.71|14586"|Slay_The_Spire|||||
"December 2018 |8278.1|358.6|4.53|12365"|Slay_The_Spire|||||
"November 2018 |7919.6|1169.0|17.32|12647"|Slay_The_Spire|||||
"October 2018 |6750.6|-167.8|-2.42|9572"|Slay_The_Spire|||||
"September 2018 |6918.3|-12.2|-0.18|10323"|Slay_The_Spire|||||
"August 2018 |6930.5|-4696.6|-40.39|11015"|Slay_The_Spire|||||
"July 2018 |11627.2|894.0|8.33|21643"|Slay_The_Spire|||||
"June 2018 |10733.1|610.6|6.03|18758"|Slay_The_Spire|||||
"May 2018 |10122.5|-232.1|-2.24|17216"|Slay_The_Spire|||||
"April 2018 |10354.6|-3548.0|-25.52|20163"|Slay_The_Spire|||||
"March 2018 |13902.6|-5321.7|-27.68|25018"|Slay_The_Spire|||||
"February 2018 |19224.3|9551.1|98.74|32937"|Slay_The_Spire|||||
"January 2018 |9673.2|8435.7|681.68|19513"|Slay_The_Spire|||||
"December 2017 |1237.5|1170.7|1753.13|3189"|Slay_The_Spire|||||
"November 2017 |66.8|66.4|16572.04|186"|Slay_The_Spire|||||
"October 2017 |0.4|0.3|691.65|4"|Slay_The_Spire|||||
"September 2017 |0.1|-0.0|-30.76|2"|Slay_The_Spire|||||
"July 2017 |0.1|0.0|-3.92|2"|Slay_The_Spire|||||
"February 2024 |9937.4|-746.2|-6.98|15256"|Spelunky|||||
"January 2024 |10683.5|552.1|5.45|16383"|Spelunky|||||
"December 2023 |10131.4|-325.9|-3.12|15450"|Spelunky|||||
"November 2023 |10457.3|432.0|4.31|18760"|Spelunky|||||
"October 2023 |10025.4|-62.9|-0.62|18812"|Spelunky|||||
"September 2023 |10088.3|1307.6|14.89|18551"|Spelunky|||||
"August 2023 |8780.6|-552.8|-5.92|15058"|Spelunky|||||
"July 2023 |9333.5|2394.5|34.51|14646"|Spelunky|||||
"June 2023 |6938.9|-926.7|-11.78|11866"|Spelunky|||||
"May 2023 |7865.6|-1951.1|-19.88|12617"|Spelunky|||||
"April 2023 |9816.7|63.4|0.65|16630"|Spelunky|||||
"March 2023 |9753.3|1348.4|16.04|18812"|Spelunky|||||
"February 2023 |8404.9|-1381.1|-14.11|11835"|Spelunky|||||
"January 2023 |9786.0|258.7|2.72|14255"|Spelunky|||||
"December 2022 |9527.3|-775.0|-7.52|18748"|Spelunky|||||
"November 2022 |10302.3|3209.7|45.25|19314"|Spelunky|||||
"October 2022 |7092.6|-28.0|-0.39|10043"|Spelunky|||||
"September 2022 |7120.6|-640.3|-8.25|10495"|Spelunky|||||
"August 2022 |7761.0|-2048.7|-20.88|11010"|Spelunky|||||
"July 2022 |9809.7|1701.2|20.98|16576"|Spelunky|||||
"June 2022 |8108.6|-2049.1|-20.17|15401"|Spelunky|||||
"May 2022 |10157.7|1841.8|22.15|18918"|Spelunky|||||
"April 2022 |8315.9|1444.4|21.02|11555"|Spelunky|||||
"March 2022 |6871.5|454.5|7.08|10695"|Spelunky|||||
"February 2022 |6417.0|-1849.8|-22.38|8485"|Spelunky|||||
"January 2022 |8266.8|763.2|10.17|11903"|Spelunky|||||
"December 2021 |7503.7|738.1|10.91|11087"|Spelunky|||||
"November 2021 |6765.6|-389.8|-5.45|11044"|Spelunky|||||
"October 2021 |7155.4|476.9|7.14|13759"|Spelunky|||||
"September 2021 |6678.5|-856.9|-11.37|9160"|Spelunky|||||
"August 2021 |7535.4|405.5|5.69|10843"|Spelunky|||||
"July 2021 |7129.8|1166.6|19.56|10831"|Spelunky|||||
"June 2021 |5963.3|502.7|9.21|10381"|Spelunky|||||
"May 2021 |5460.5|4.0|0.07|7222"|Spelunky|||||
"April 2021 |5456.5|-863.2|-13.66|7304"|Spelunky|||||
"March 2021 |6319.7|-1156.2|-15.47|8773"|Spelunky|||||
"February 2021 |7476.0|-628.5|-7.75|10380"|Spelunky|||||
"January 2021 |8104.4|825.2|11.34|11077"|Spelunky|||||
"December 2020 |7279.2|1139.6|18.56|10297"|Spelunky|||||
"November 2020 |6139.6|430.8|7.55|9696"|Spelunky|||||
"October 2020 |5708.8|204.1|3.71|10695"|Spelunky|||||
"September 2020 |5504.8|-1021.8|-15.66|7895"|Spelunky|||||
"August 2020 |6526.5|-30.6|-0.47|9584"|Spelunky|||||
"July 2020 |6557.1|1033.5|18.71|9621"|Spelunky|||||
"June 2020 |5523.6|-714.3|-11.45|9030"|Spelunky|||||
"May 2020 |6238.0|-850.6|-12.0|7994"|Spelunky|||||
"April 2020 |7088.6|-901.5|-11.28|14267"|Spelunky|||||
"March 2020 |7990.1|-1524.9|-16.03|10626"|Spelunky|||||
"February 2020 |9515.0|-1404.4|-12.86|13209"|Spelunky|||||
"January 2020 |10919.5|4995.3|84.32|20383"|Spelunky|||||
"December 2019 |5924.2|952.4|19.16|10057"|Spelunky|||||
"November 2019 |4971.8|-498.1|-9.11|7128"|Spelunky|||||
"October 2019 |5469.9|-856.3|-13.54|7864"|Spelunky|||||
"September 2019 |6326.3|249.9|4.11|9434"|Spelunky|||||
"August 2019 |6076.3|-510.8|-7.76|10357"|Spelunky|||||
"July 2019 |6587.2|1376.1|26.41|11521"|Spelunky|||||
"June 2019 |5211.0|-83.6|-1.58|9508"|Spelunky|||||
"May 2019 |5294.6|-172.6|-3.16|7471"|Spelunky|||||
"April 2019 |5467.3|-1422.1|-20.64|7816"|Spelunky|||||
"March 2019 |6889.4|-1448.3|-17.37|10303"|Spelunky|||||
"February 2019 |8337.6|-2069.0|-19.88|12407"|Spelunky|||||
"January 2019 |10406.6|2128.4|25.71|14586"|Spelunky|||||
"December 2018 |8278.1|358.6|4.53|12365"|Spelunky|||||
"November 2018 |7919.6|1169.0|17.32|12647"|Spelunky|||||
"October 2018 |6750.6|-167.8|-2.42|9572"|Spelunky|||||
"September 2018 |6918.3|-12.2|-0.18|10323"|Spelunky|||||
"August 2018 |6930.5|-4696.6|-40.39|11015"|Spelunky|||||
"July 2018 |11627.2|894.0|8.33|21643"|Spelunky|||||
"June 2018 |10733.1|610.6|6.03|18758"|Spelunky|||||
"May 2018 |10122.5|-232.1|-2.24|17216"|Spelunky|||||
"April 2018 |10354.6|-3548.0|-25.52|20163"|Spelunky|||||
"March 2018 |13902.6|-5321.7|-27.68|25018"|Spelunky|||||
"February 2018 |19224.3|9551.1|98.74|32937"|Spelunky|||||
"January 2018 |9673.2|8435.7|681.68|19513"|Spelunky|||||
"December 2017 |1237.5|1170.7|1753.13|3189"|Spelunky|||||
"November 2017 |66.8|66.4|16572.04|186"|Spelunky|||||
"October 2017 |0.4|0.3|691.65|4"|Spelunky|||||
"September 2017 |0.1|-0.0|-30.76|2"|Spelunky|||||
"July 2017 |0.1|0.0|-3.92|2"|Spelunky|||||
