Month|Avg. Players|Gain|% Gain|Peak Players|Source File
March 2024|31.0|4.57|+17.30%|64|BioShock 2
February 2024|26.43|-4.58|-14.77%|63|BioShock 2
January 2024|31.01|7.31|+30.82%|78|BioShock 2
December 2023|23.7|-0.22|-0.91%|61|BioShock 2
November 2023|23.92|-0.36|-1.47%|65|BioShock 2
October 2023|24.28|2.90|+13.55%|58|BioShock 2
September 2023|21.38|-1.71|-7.39%|49|BioShock 2
August 2023|23.09|-4.77|-17.11%|43|BioShock 2
July 2023|27.86|1.94|+7.50%|53|BioShock 2
June 2023|25.91|-0.25|-0.97%|57|BioShock 2
May 2023|26.17|-4.16|-13.72%|62|BioShock 2
April 2023|30.33|-0.56|-1.83%|66|BioShock 2
March 2023|30.89|0.25|+0.82%|70|BioShock 2
February 2023|30.64|0.63|+2.11%|79|BioShock 2
January 2023|30.01|4.06|+15.63%|61|BioShock 2
December 2022|25.95|-2.12|-7.55%|56|BioShock 2
November 2022|28.07|2.39|+9.31%|66|BioShock 2
October 2022|25.68|-4.72|-15.51%|58|BioShock 2
September 2022|30.4|-0.98|-3.11%|79|BioShock 2
August 2022|31.37|1.14|+3.77%|57|BioShock 2
July 2022|30.23|-1.52|-4.77%|57|BioShock 2
June 2022|31.75|-1.51|-4.53%|63|BioShock 2
May 2022|33.26|1.23|+3.85%|69|BioShock 2
April 2022|32.02|-2.40|-6.98%|69|BioShock 2
March 2022|34.42|-7.77|-18.42%|76|BioShock 2
February 2022|42.19|0.89|+2.15%|78|BioShock 2
January 2022|41.31|9.69|+30.65%|89|BioShock 2
December 2021|31.62|-1.81|-5.41%|60|BioShock 2
November 2021|33.43|3.99|+13.56%|71|BioShock 2
October 2021|29.43|-11.88|-28.76%|65|BioShock 2
September 2021|41.32|8.78|+26.99%|92|BioShock 2
August 2021|32.54|-7.87|-19.48%|73|BioShock 2
July 2021|40.41|7.94|+24.46%|72|BioShock 2
June 2021|32.47|-8.54|-20.83%|69|BioShock 2
May 2021|41.01|3.41|+9.06%|85|BioShock 2
April 2021|37.6|-17.20|-31.39%|91|BioShock 2
March 2021|54.8|3.01|+5.82%|112|BioShock 2
February 2021|51.79|10.85|+26.49%|109|BioShock 2
January 2021|40.94|3.57|+9.55%|94|BioShock 2
December 2020|37.37|1.94|+5.48%|78|BioShock 2
November 2020|35.43|-3.97|-10.07%|73|BioShock 2
October 2020|39.4|5.18|+15.13%|85|BioShock 2
September 2020|34.22|-11.99|-25.95%|78|BioShock 2
August 2020|46.21|-12.10|-20.74%|93|BioShock 2
July 2020|58.31|18.12|+45.09%|111|BioShock 2
June 2020|40.19|-2.02|-4.78%|86|BioShock 2
May 2020|42.21|-13.27|-23.92%|100|BioShock 2
April 2020|55.48|-3.84|-6.47%|113|BioShock 2
March 2020|59.31|18.85|+46.59%|138|BioShock 2
February 2020|40.46|-2.09|-4.92%|91|BioShock 2
January 2020|42.56|3.98|+10.30%|94|BioShock 2
December 2019|38.58|0.71|+1.88%|91|BioShock 2
November 2019|37.87|8.78|+30.16%|82|BioShock 2
October 2019|29.09|-6.52|-18.30%|65|BioShock 2
September 2019|35.61|2.13|+6.35%|75|BioShock 2
August 2019|33.48|-9.33|-21.80%|71|BioShock 2
July 2019|42.82|-4.20|-8.93%|87|BioShock 2
June 2019|47.01|11.54|+32.51%|99|BioShock 2
May 2019|35.48|-0.52|-1.45%|75|BioShock 2
April 2019|36.0|-10.28|-22.22%|81|BioShock 2
March 2019|46.28|-6.15|-11.73%|101|BioShock 2
February 2019|52.43|3.20|+6.50%|126|BioShock 2
January 2019|49.23|3.42|+7.47%|107|BioShock 2
December 2018|45.81|3.69|+8.76%|115|BioShock 2
November 2018|42.12|9.27|+28.20%|98|BioShock 2
October 2018|32.86|-13.37|-28.92%|81|BioShock 2
September 2018|46.22|0.67|+1.46%|100|BioShock 2
August 2018|45.56|-6.31|-12.17%|102|BioShock 2
July 2018|51.87|5.97|+13.01%|97|BioShock 2
June 2018|45.9|2.21|+5.07%|96|BioShock 2
May 2018|43.69|-11.59|-20.97%|87|BioShock 2
April 2018|55.28|-4.99|-8.28%|127|BioShock 2
March 2018|60.27|10.51|+21.11%|142|BioShock 2
February 2018|49.77|-9.41|-15.91%|100|BioShock 2
January 2018|59.18|2.51|+4.42%|129|BioShock 2
December 2017|56.68|1.48|+2.68%|116|BioShock 2
November 2017|55.2|3.22|+6.20%|130|BioShock 2
October 2017|51.97|-13.97|-21.19%|121|BioShock 2
September 2017|65.95|-2.12|-3.11%|145|BioShock 2
August 2017|68.06|-12.19|-15.19%|165|BioShock 2
July 2017|80.25|15.60|+24.12%|176|BioShock 2
June 2017|64.66|1.75|+2.79%|132|BioShock 2
May 2017|62.9|-9.65|-13.30%|143|BioShock 2
April 2017|72.56|-12.99|-15.19%|182|BioShock 2
March 2017|85.55|16.05|+23.10%|220|BioShock 2
February 2017|69.49|-4.99|-6.70%|145|BioShock 2
January 2017|74.48|-3.38|-4.34%|153|BioShock 2
December 2016|77.86|-5.30|-6.38%|152|BioShock 2
November 2016|83.17|-21.28|-20.37%|187|BioShock 2
October 2016|104.44|-59.91|-36.45%|255|BioShock 2
September 2016|164.35|-37.00|-18.37%|341|BioShock 2
August 2016|201.35|-158.96|-44.12%|371|BioShock 2
July 2016|360.31|156.25|+76.57%|907|BioShock 2
June 2016|204.06|35.76|+21.25%|544|BioShock 2
May 2016|168.29|-7.34|-4.18%|336|BioShock 2
April 2016|175.64|-38.65|-18.04%|356|BioShock 2
March 2016|214.29|-124.88|-36.82%|426|BioShock 2
February 2016|339.16|38.07|+12.65%|717|BioShock 2
January 2016|301.09|17.64|+6.22%|821|BioShock 2
December 2015|283.45|24.99|+9.67%|623|BioShock 2
November 2015|258.46|70.21|+37.30%|661|BioShock 2
October 2015|188.25|18.59|+10.96%|513|BioShock 2
September 2015|169.66|-87.39|-34.00%|365|BioShock 2
August 2015|257.05|16.77|+6.98%|588|BioShock 2
July 2015|240.28|-35.49|-12.87%|487|BioShock 2
June 2015|275.77|99.40|+56.35%|679|BioShock 2
May 2015|176.38|-52.31|-22.87%|367|BioShock 2
April 2015|228.68|-24.07|-9.52%|540|BioShock 2
March 2015|252.75|70.54|+38.72%|826|BioShock 2
February 2015|182.21|-68.33|-27.27%|390|BioShock 2
January 2015|250.54|1.47|+0.59%|575|BioShock 2
December 2014|249.07|26.71|+12.01%|579|BioShock 2
November 2014|222.36|49.67|+28.76%|561|BioShock 2
October 2014|172.69|-78.65|-31.29%|395|BioShock 2
September 2014|251.33|-51.79|-17.09%|616|BioShock 2
August 2014|303.13|-23.95|-7.32%|848|BioShock 2
July 2014|327.07|104.67|+47.06%|597|BioShock 2
June 2014|222.41|-17.60|-7.33%|599|BioShock 2
May 2014|240.0|59.83|+33.20%|598|BioShock 2
April 2014|180.18|9.37|+5.49%|396|BioShock 2
March 2014|170.81|-32.74|-16.09%|384|BioShock 2
February 2014|203.55|-131.44|-39.24%|460|BioShock 2
January 2014|334.99|45.61|+15.76%|838|BioShock 2
December 2013|289.38|85.21|+41.74%|772|BioShock 2
November 2013|204.17|-60.15|-22.76%|479|BioShock 2
October 2013|264.31|178.05|+206.39%|912|BioShock 2
September 2013|86.27|-35.64|-29.24%|175|BioShock 2
August 2013|121.91|-14.82|-10.84%|269|BioShock 2
July 2013|136.73|48.82|+55.54%|377|BioShock 2
June 2013|87.91|-31.39|-26.31%|216|BioShock 2
May 2013|119.3|-93.63|-43.97%|241|BioShock 2
April 2013|212.93|12.62|+6.30%|510|BioShock 2
March 2013|200.31|61.81|+44.63%|573|BioShock 2
February 2013|138.5|-65.30|-32.04%|294|BioShock 2
January 2013|203.79|62.30|+44.03%|584|BioShock 2
December 2012|141.49|-31.41|-18.16%|501|BioShock 2
November 2012|172.9|97.39|+128.98%|472|BioShock 2
October 2012|75.51|2.51|+3.43%|395|BioShock 2
September 2012|73.0|-43.76|-37.48%|162|BioShock 2
August 2012|116.76|-152.96|-56.71%|235|BioShock 2
July 2012|269.72|-|-|503|BioShock 2
March 2024|53.53|7.42|+16.09%|127|BioShock
February 2024|46.11|-9.89|-17.66%|152|BioShock
January 2024|56.0|12.18|+27.78%|126|BioShock
December 2023|43.82|-8.05|-15.52%|99|BioShock
November 2023|51.88|9.86|+23.47%|117|BioShock
October 2023|42.02|0.61|+1.48%|127|BioShock
September 2023|41.4|2.18|+5.56%|122|BioShock
August 2023|39.22|-13.84|-26.08%|88|BioShock
July 2023|53.06|6.41|+13.75%|108|BioShock
June 2023|46.65|2.66|+6.05%|97|BioShock
May 2023|43.99|-13.97|-24.10%|87|BioShock
April 2023|57.95|3.13|+5.71%|131|BioShock
March 2023|54.82|-5.77|-9.52%|132|BioShock
February 2023|60.59|1.53|+2.59%|159|BioShock
January 2023|59.06|9.17|+18.37%|135|BioShock
December 2022|49.9|-0.79|-1.56%|99|BioShock
November 2022|50.69|7.77|+18.09%|107|BioShock
October 2022|42.92|-4.62|-9.71%|106|BioShock
September 2022|47.54|-10.12|-17.55%|98|BioShock
August 2022|57.66|4.13|+7.71%|129|BioShock
July 2022|53.53|-4.44|-7.66%|120|BioShock
June 2022|57.97|-8.75|-13.11%|118|BioShock
May 2022|66.72|9.28|+16.17%|134|BioShock
April 2022|57.43|-11.63|-16.84%|129|BioShock
March 2022|69.07|-20.87|-23.20%|140|BioShock
February 2022|89.94|-12.09|-11.85%|186|BioShock
January 2022|102.03|30.82|+43.28%|220|BioShock
December 2021|71.21|-9.88|-12.18%|144|BioShock
November 2021|81.09|22.10|+37.46%|184|BioShock
October 2021|58.99|-46.63|-44.15%|118|BioShock
September 2021|105.62|43.73|+70.65%|265|BioShock
August 2021|61.89|-42.14|-40.51%|140|BioShock
July 2021|104.03|38.29|+58.24%|201|BioShock
June 2021|65.74|-34.30|-34.28%|140|BioShock
May 2021|100.04|39.41|+65.00%|217|BioShock
April 2021|60.63|-54.49|-47.33%|134|BioShock
March 2021|115.13|-5.50|-4.56%|265|BioShock
February 2021|120.63|43.86|+57.14%|310|BioShock
January 2021|76.76|-6.64|-7.96%|188|BioShock
December 2020|83.4|12.64|+17.87%|174|BioShock
November 2020|70.76|-16.21|-18.64%|183|BioShock
October 2020|86.97|26.51|+43.86%|184|BioShock
September 2020|60.45|-29.94|-33.12%|121|BioShock
August 2020|90.4|-42.65|-32.06%|199|BioShock
July 2020|133.04|54.44|+69.27%|239|BioShock
June 2020|78.6|7.00|+9.78%|241|BioShock
May 2020|71.6|-21.19|-22.84%|135|BioShock
April 2020|92.78|-31.47|-25.33%|183|BioShock
March 2020|124.26|51.73|+71.32%|380|BioShock
February 2020|72.53|0.13|+0.18%|173|BioShock
January 2020|72.4|-5.97|-7.62%|173|BioShock
December 2019|78.37|0.27|+0.35%|177|BioShock
November 2019|78.1|37.10|+90.49%|200|BioShock
October 2019|41.0|-23.41|-36.34%|83|BioShock
September 2019|64.41|16.69|+34.98%|158|BioShock
August 2019|47.72|-22.84|-32.37%|97|BioShock
July 2019|70.55|-14.47|-17.02%|152|BioShock
June 2019|85.02|27.51|+47.84%|192|BioShock
May 2019|57.51|7.37|+14.69%|174|BioShock
April 2019|50.15|-26.50|-34.57%|118|BioShock
March 2019|76.65|-21.71|-22.07%|183|BioShock
February 2019|98.36|23.41|+31.23%|304|BioShock
January 2019|74.95|0.60|+0.81%|207|BioShock
December 2018|74.35|2.39|+3.32%|168|BioShock
November 2018|71.96|23.54|+48.60%|187|BioShock
October 2018|48.43|-15.41|-24.14%|145|BioShock
September 2018|63.84|-12.65|-16.54%|152|BioShock
August 2018|76.49|-12.29|-13.84%|214|BioShock
July 2018|88.78|13.68|+18.22%|206|BioShock
June 2018|75.1|14.73|+24.40%|182|BioShock
May 2018|60.37|-20.34|-25.20%|125|BioShock
April 2018|80.71|-29.88|-27.02%|245|BioShock
March 2018|110.59|43.06|+63.76%|313|BioShock
February 2018|67.53|-15.62|-18.78%|149|BioShock
January 2018|83.15|-0.77|-0.91%|196|BioShock
December 2017|83.92|2.40|+2.94%|180|BioShock
November 2017|81.52|7.66|+10.37%|179|BioShock
October 2017|73.86|-13.33|-15.29%|188|BioShock
September 2017|87.19|-14.30|-14.09%|192|BioShock
August 2017|101.5|-19.22|-15.92%|280|BioShock
July 2017|120.71|20.77|+20.78%|293|BioShock
June 2017|99.95|17.39|+21.07%|283|BioShock
May 2017|82.56|-7.44|-8.26%|171|BioShock
April 2017|89.99|-46.61|-34.12%|209|BioShock
March 2017|136.6|44.74|+48.70%|507|BioShock
February 2017|91.87|-7.24|-7.30%|198|BioShock
January 2017|99.11|-6.16|-5.86%|211|BioShock
December 2016|105.27|-8.36|-7.36%|213|BioShock
November 2016|113.63|-33.80|-22.93%|234|BioShock
October 2016|147.43|-111.33|-43.02%|404|BioShock
September 2016|258.77|-31.20|-10.76%|571|BioShock
August 2016|289.97|-336.18|-53.69%|516|BioShock
July 2016|626.15|269.77|+75.70%|2298|BioShock
June 2016|356.38|119.49|+50.44%|1283|BioShock
May 2016|236.89|-2.52|-1.05%|476|BioShock
April 2016|239.41|-48.68|-16.90%|472|BioShock
March 2016|288.09|-271.19|-48.49%|605|BioShock
February 2016|559.27|54.40|+10.77%|1533|BioShock
January 2016|504.87|-3.33|-0.65%|1933|BioShock
December 2015|508.2|36.98|+7.85%|1357|BioShock
November 2015|471.22|208.03|+79.04%|1616|BioShock
October 2015|263.2|10.17|+4.02%|1241|BioShock
September 2015|253.03|-188.58|-42.70%|544|BioShock
August 2015|441.61|71.49|+19.31%|1499|BioShock
July 2015|370.12|-233.67|-38.70%|808|BioShock
June 2015|603.8|352.83|+140.58%|2086|BioShock
May 2015|250.97|-86.34|-25.60%|507|BioShock
April 2015|337.31|-186.83|-35.64%|835|BioShock
March 2015|524.14|254.95|+94.71%|2497|BioShock
February 2015|269.18|-140.31|-34.26%|558|BioShock
January 2015|409.49|-73.31|-15.18%|1210|BioShock
December 2014|482.8|71.37|+17.35%|1454|BioShock
November 2014|411.43|127.82|+45.07%|1313|BioShock
October 2014|283.61|-110.10|-27.97%|1157|BioShock
September 2014|393.72|-253.76|-39.19%|1092|BioShock
August 2014|647.48|-85.81|-11.70%|2625|BioShock
July 2014|733.29|248.63|+51.30%|1632|BioShock
June 2014|484.67|-6.23|-1.27%|1711|BioShock
May 2014|490.89|224.44|+84.23%|2171|BioShock
April 2014|266.45|32.07|+13.68%|643|BioShock
March 2014|234.38|-30.24|-11.43%|695|BioShock
February 2014|264.62|-286.80|-52.01%|591|BioShock
January 2014|551.42|-55.10|-9.09%|1774|BioShock
December 2013|606.53|310.21|+104.69%|1985|BioShock
November 2013|296.31|16.87|+6.04%|721|BioShock
October 2013|279.44|78.52|+39.08%|1211|BioShock
September 2013|200.93|-72.23|-26.44%|481|BioShock
August 2013|273.15|-143.83|-34.49%|643|BioShock
July 2013|416.98|216.83|+108.33%|1405|BioShock
June 2013|200.15|-76.53|-27.66%|479|BioShock
May 2013|276.69|-321.26|-53.73%|558|BioShock
April 2013|597.95|-42.62|-6.65%|1677|BioShock
March 2013|640.58|396.20|+162.13%|2035|BioShock
February 2013|244.38|-118.93|-32.73%|747|BioShock
January 2013|363.3|68.06|+23.05%|1283|BioShock
December 2012|295.24|16.54|+5.93%|1424|BioShock
November 2012|278.71|152.91|+121.55%|1055|BioShock
October 2012|125.8|18.39|+17.12%|855|BioShock
September 2012|107.41|-66.39|-38.20%|250|BioShock
August 2012|173.8|-285.37|-62.15%|370|BioShock
July 2012|459.17|-|-|1169|BioShock
March 2024|3678.71|1035.70|+39.19%|6674|Borderlands 2
February 2024|2643.01|123.13|+4.89%|6179|Borderlands 2
January 2024|2519.88|189.76|+8.14%|4399|Borderlands 2
December 2023|2330.12|130.03|+5.91%|4051|Borderlands 2
November 2023|2200.09|-464.86|-17.44%|3899|Borderlands 2
October 2023|2664.95|178.05|+7.16%|4762|Borderlands 2
September 2023|2486.89|-77.03|-3.00%|4290|Borderlands 2
August 2023|2563.93|-705.74|-21.58%|4385|Borderlands 2
July 2023|3269.66|519.45|+18.89%|5252|Borderlands 2
June 2023|2750.21|-29.70|-1.07%|4775|Borderlands 2
May 2023|2779.91|-325.35|-10.48%|4994|Borderlands 2
April 2023|3105.26|29.79|+0.97%|5193|Borderlands 2
March 2023|3075.47|68.39|+2.27%|5407|Borderlands 2
February 2023|3007.09|-211.30|-6.57%|5312|Borderlands 2
January 2023|3218.39|600.25|+22.93%|5271|Borderlands 2
December 2022|2618.15|67.46|+2.64%|4169|Borderlands 2
November 2022|2550.69|2.95|+0.12%|4355|Borderlands 2
October 2022|2547.74|-59.89|-2.30%|4301|Borderlands 2
September 2022|2607.63|-134.79|-4.92%|4338|Borderlands 2
August 2022|2742.42|-735.42|-21.15%|4442|Borderlands 2
July 2022|3477.84|-22.09|-0.63%|5499|Borderlands 2
June 2022|3499.93|112.67|+3.33%|5977|Borderlands 2
May 2022|3387.27|-170.66|-4.80%|6401|Borderlands 2
April 2022|3557.93|724.63|+25.58%|5657|Borderlands 2
March 2022|2833.3|-763.71|-21.23%|4648|Borderlands 2
February 2022|3597.01|339.63|+10.43%|6246|Borderlands 2
January 2022|3257.38|-73.39|-2.20%|5266|Borderlands 2
December 2021|3330.77|-0.05|-0.00%|4952|Borderlands 2
November 2021|3330.82|-298.80|-8.23%|5305|Borderlands 2
October 2021|3629.62|589.11|+19.38%|5776|Borderlands 2
September 2021|3040.51|-432.93|-12.46%|5515|Borderlands 2
August 2021|3473.43|491.64|+16.49%|5066|Borderlands 2
July 2021|2981.8|-590.88|-16.54%|4923|Borderlands 2
June 2021|3572.67|781.09|+27.98%|5663|Borderlands 2
May 2021|2791.59|-348.43|-11.10%|4896|Borderlands 2
April 2021|3140.02|-301.08|-8.75%|5711|Borderlands 2
March 2021|3441.1|-924.19|-21.17%|6516|Borderlands 2
February 2021|4365.29|795.11|+22.27%|7971|Borderlands 2
January 2021|3570.17|4.30|+0.12%|6809|Borderlands 2
December 2020|3565.87|816.36|+29.69%|6227|Borderlands 2
November 2020|2749.52|284.99|+11.56%|5798|Borderlands 2
October 2020|2464.53|-632.20|-20.41%|4172|Borderlands 2
September 2020|3096.73|-449.63|-12.68%|5081|Borderlands 2
August 2020|3546.35|10.12|+0.29%|5513|Borderlands 2
July 2020|3536.23|-1013.60|-22.28%|5711|Borderlands 2
June 2020|4549.83|-1073.13|-19.08%|8398|Borderlands 2
May 2020|5622.96|17.45|+0.31%|10516|Borderlands 2
April 2020|5605.51|87.07|+1.58%|9866|Borderlands 2
March 2020|5518.44|1374.23|+33.16%|9735|Borderlands 2
February 2020|4144.21|-277.11|-6.27%|6709|Borderlands 2
January 2020|4421.33|229.21|+5.47%|7021|Borderlands 2
December 2019|4192.12|-83.32|-1.95%|7177|Borderlands 2
November 2019|4275.44|-2898.70|-40.40%|7649|Borderlands 2
October 2019|7174.14|-3682.95|-33.92%|19282|Borderlands 2
September 2019|10857.09|-1354.88|-11.09%|19528|Borderlands 2
August 2019|12211.98|-7487.20|-38.01%|20265|Borderlands 2
July 2019|19699.18|-15133.03|-43.45%|42052|Borderlands 2
June 2019|34832.21|21384.23|+159.01%|80287|Borderlands 2
May 2019|13447.98|-11069.63|-45.15%|28233|Borderlands 2
April 2019|24517.61|14667.58|+148.91%|59333|Borderlands 2
March 2019|9850.03|1136.26|+13.04%|44256|Borderlands 2
February 2019|8713.76|328.13|+3.91%|16798|Borderlands 2
January 2019|8385.63|766.61|+10.06%|16585|Borderlands 2
December 2018|7619.02|1058.78|+16.14%|16548|Borderlands 2
November 2018|6560.25|961.24|+17.17%|12946|Borderlands 2
October 2018|5599.01|-1679.95|-23.08%|9892|Borderlands 2
September 2018|7278.96|1698.91|+30.45%|13833|Borderlands 2
August 2018|5580.05|-3270.52|-36.95%|9224|Borderlands 2
July 2018|8850.57|-580.21|-6.15%|14474|Borderlands 2
June 2018|9430.78|1374.89|+17.07%|17063|Borderlands 2
May 2018|8055.89|1332.25|+19.81%|26724|Borderlands 2
April 2018|6723.64|-1153.43|-14.64%|11831|Borderlands 2
March 2018|7877.07|925.54|+13.31%|15599|Borderlands 2
February 2018|6951.53|-1007.22|-12.66%|12875|Borderlands 2
January 2018|7958.75|92.93|+1.18%|14723|Borderlands 2
December 2017|7865.81|-601.76|-7.11%|13769|Borderlands 2
November 2017|8467.58|2350.41|+38.42%|18854|Borderlands 2
October 2017|6117.17|333.61|+5.77%|11901|Borderlands 2
September 2017|5783.57|-571.73|-9.00%|10113|Borderlands 2
August 2017|6355.3|-3386.25|-34.76%|10483|Borderlands 2
July 2017|9741.55|2485.02|+34.25%|17654|Borderlands 2
June 2017|7256.53|1424.87|+24.43%|15238|Borderlands 2
May 2017|5831.66|-1016.05|-14.84%|10136|Borderlands 2
April 2017|6847.71|-1192.13|-14.83%|12665|Borderlands 2
March 2017|8039.84|1425.13|+21.54%|19286|Borderlands 2
February 2017|6614.71|-2499.96|-27.43%|11971|Borderlands 2
January 2017|9114.67|1804.77|+24.69%|18099|Borderlands 2
December 2016|7309.89|1738.43|+31.20%|16062|Borderlands 2
November 2016|5571.46|-661.67|-10.62%|12446|Borderlands 2
October 2016|6233.13|-2419.79|-27.97%|12956|Borderlands 2
September 2016|8652.93|3128.73|+56.64%|18784|Borderlands 2
August 2016|5524.2|-1881.65|-25.41%|9480|Borderlands 2
July 2016|7405.84|1353.32|+22.36%|15058|Borderlands 2
June 2016|6052.53|494.28|+8.89%|12360|Borderlands 2
May 2016|5558.24|-897.33|-13.90%|10762|Borderlands 2
April 2016|6455.57|-1574.76|-19.61%|12387|Borderlands 2
March 2016|8030.34|-718.93|-8.22%|19014|Borderlands 2
February 2016|8749.26|-95.87|-1.08%|16127|Borderlands 2
January 2016|8845.13|399.86|+4.73%|17772|Borderlands 2
December 2015|8445.27|260.15|+3.18%|15408|Borderlands 2
November 2015|8185.12|1117.25|+15.81%|16804|Borderlands 2
October 2015|7067.86|925.08|+15.06%|14744|Borderlands 2
September 2015|6142.78|-1496.49|-19.59%|15346|Borderlands 2
August 2015|7639.27|-464.79|-5.74%|15419|Borderlands 2
July 2015|8104.06|-186.28|-2.25%|15088|Borderlands 2
June 2015|8290.33|2629.26|+46.44%|17472|Borderlands 2
May 2015|5661.07|-1841.35|-24.54%|10242|Borderlands 2
April 2015|7502.42|-1570.63|-17.31%|15930|Borderlands 2
March 2015|9073.05|2288.76|+33.74%|21917|Borderlands 2
February 2015|6784.29|-863.54|-11.29%|14115|Borderlands 2
January 2015|7647.83|-234.76|-2.98%|16789|Borderlands 2
December 2014|7882.59|865.99|+12.34%|15743|Borderlands 2
November 2014|7016.6|-4106.75|-36.92%|15119|Borderlands 2
October 2014|11123.35|-2555.06|-18.68%|25558|Borderlands 2
September 2014|13678.4|-3586.02|-20.77%|32832|Borderlands 2
August 2014|17264.42|2856.46|+19.83%|67322|Borderlands 2
July 2014|14407.96|2711.82|+23.19%|30875|Borderlands 2
June 2014|11696.14|5107.61|+77.52%|37558|Borderlands 2
May 2014|6588.54|-280.89|-4.09%|12169|Borderlands 2
April 2014|6869.43|-1065.65|-13.43%|13248|Borderlands 2
March 2014|7935.08|-6403.53|-44.66%|18448|Borderlands 2
February 2014|14338.6|2355.12|+19.65%|47105|Borderlands 2
January 2014|11983.48|25.60|+0.21%|28057|Borderlands 2
December 2013|11957.88|4062.81|+51.46%|25836|Borderlands 2
November 2013|7895.07|-3209.46|-28.90%|17302|Borderlands 2
October 2013|11104.53|703.31|+6.76%|23777|Borderlands 2
September 2013|10401.23|-3382.93|-24.54%|20874|Borderlands 2
August 2013|13784.16|-6934.23|-33.47%|28306|Borderlands 2
July 2013|20718.38|7752.60|+59.79%|49680|Borderlands 2
June 2013|12965.78|-115.98|-0.89%|27818|Borderlands 2
May 2013|13081.76|4600.45|+54.24%|40649|Borderlands 2
April 2013|8481.32|1359.29|+19.09%|17604|Borderlands 2
March 2013|7122.03|-3825.61|-34.94%|16153|Borderlands 2
February 2013|10947.64|-3712.09|-25.32%|25383|Borderlands 2
January 2013|14659.73|-112.94|-0.76%|28507|Borderlands 2
December 2012|14772.67|-997.47|-6.33%|28993|Borderlands 2
November 2012|15770.14|-16196.00|-50.67%|31391|Borderlands 2
October 2012|31966.15|-29276.63|-47.80%|68559|Borderlands 2
September 2012|61242.78|-|-|123596|Borderlands 2
March 2024|253.69|148.58|+141.36%|655|Chrono Trigger
February 2024|105.11|-55.39|-34.51%|190|Chrono Trigger
January 2024|160.49|9.06|+5.98%|350|Chrono Trigger
December 2023|151.44|50.46|+49.98%|328|Chrono Trigger
November 2023|100.97|-15.97|-13.65%|167|Chrono Trigger
October 2023|116.94|-26.32|-18.37%|219|Chrono Trigger
September 2023|143.25|26.99|+23.21%|316|Chrono Trigger
August 2023|116.27|-53.79|-31.63%|183|Chrono Trigger
July 2023|170.06|65.87|+63.21%|309|Chrono Trigger
June 2023|104.2|-32.57|-23.81%|182|Chrono Trigger
May 2023|136.76|-5.94|-4.16%|301|Chrono Trigger
April 2023|142.7|-1.49|-1.03%|273|Chrono Trigger
March 2023|144.19|34.41|+31.34%|366|Chrono Trigger
February 2023|109.78|-44.72|-28.94%|186|Chrono Trigger
January 2023|154.49|18.83|+13.88%|302|Chrono Trigger
December 2022|135.66|39.09|+40.48%|266|Chrono Trigger
November 2022|96.57|-29.41|-23.34%|163|Chrono Trigger
October 2022|125.98|-29.11|-18.77%|251|Chrono Trigger
September 2022|155.09|34.77|+28.90%|338|Chrono Trigger
August 2022|120.32|-50.49|-29.56%|189|Chrono Trigger
July 2022|170.81|34.08|+24.93%|315|Chrono Trigger
June 2022|136.73|-12.48|-8.36%|301|Chrono Trigger
May 2022|149.21|-105.19|-41.35%|285|Chrono Trigger
April 2022|254.4|-105.01|-29.22%|533|Chrono Trigger
March 2022|359.41|227.18|+171.80%|943|Chrono Trigger
February 2022|132.24|-66.66|-33.51%|232|Chrono Trigger
January 2022|198.89|59.06|+42.24%|423|Chrono Trigger
December 2021|139.83|40.75|+41.13%|342|Chrono Trigger
November 2021|99.08|-80.43|-44.81%|162|Chrono Trigger
October 2021|179.5|63.75|+55.08%|372|Chrono Trigger
September 2021|115.75|-32.14|-21.73%|198|Chrono Trigger
August 2021|147.89|-26.47|-15.18%|250|Chrono Trigger
July 2021|174.36|46.94|+36.84%|323|Chrono Trigger
June 2021|127.42|-54.76|-30.06%|296|Chrono Trigger
May 2021|182.18|27.93|+18.11%|366|Chrono Trigger
April 2021|154.25|-7.99|-4.92%|306|Chrono Trigger
March 2021|162.23|62.23|+62.23%|516|Chrono Trigger
February 2021|100.0|-42.28|-29.72%|170|Chrono Trigger
January 2021|142.28|44.06|+44.85%|295|Chrono Trigger
December 2020|98.22|17.35|+21.46%|249|Chrono Trigger
November 2020|80.87|-38.89|-32.47%|146|Chrono Trigger
October 2020|119.76|15.43|+14.80%|270|Chrono Trigger
September 2020|104.32|5.21|+5.26%|248|Chrono Trigger
August 2020|99.11|-62.39|-38.63%|167|Chrono Trigger
July 2020|161.5|59.65|+58.57%|289|Chrono Trigger
June 2020|101.85|-98.51|-49.17%|250|Chrono Trigger
May 2020|200.36|95.25|+90.63%|469|Chrono Trigger
April 2020|105.11|-31.10|-22.83%|165|Chrono Trigger
March 2020|136.2|57.29|+72.60%|310|Chrono Trigger
February 2020|78.91|-4.90|-5.85%|250|Chrono Trigger
January 2020|83.82|-7.90|-8.61%|180|Chrono Trigger
December 2019|91.72|30.09|+48.83%|184|Chrono Trigger
November 2019|61.62|13.95|+29.25%|160|Chrono Trigger
October 2019|47.68|-20.69|-30.26%|101|Chrono Trigger
September 2019|68.37|-9.78|-12.52%|186|Chrono Trigger
August 2019|78.15|-65.39|-45.56%|131|Chrono Trigger
July 2019|143.54|42.21|+41.66%|294|Chrono Trigger
June 2019|101.33|-28.66|-22.05%|331|Chrono Trigger
May 2019|129.99|68.37|+110.95%|396|Chrono Trigger
April 2019|61.62|-31.54|-33.85%|215|Chrono Trigger
March 2019|93.16|10.24|+12.36%|249|Chrono Trigger
February 2019|82.91|-19.71|-19.21%|270|Chrono Trigger
January 2019|102.63|-3.21|-3.03%|255|Chrono Trigger
December 2018|105.83|32.52|+44.36%|236|Chrono Trigger
November 2018|73.31|14.57|+24.79%|253|Chrono Trigger
October 2018|58.74|-100.15|-63.03%|119|Chrono Trigger
September 2018|158.9|-34.83|-17.98%|472|Chrono Trigger
August 2018|193.73|146.16|+307.26%|823|Chrono Trigger
July 2018|47.57|0.32|+0.67%|92|Chrono Trigger
June 2018|47.25|0.28|+0.60%|95|Chrono Trigger
May 2018|46.97|-11.54|-19.72%|98|Chrono Trigger
April 2018|58.51|-23.42|-28.58%|136|Chrono Trigger
March 2018|81.92|-|-|233|Chrono Trigger
March 2024|2778.49|138.78|+5.26%|5612|Darkest Dungeon
February 2024|2639.7|6.06|+0.23%|4785|Darkest Dungeon
January 2024|2633.64|123.13|+4.90%|4510|Darkest Dungeon
December 2023|2510.51|-118.90|-4.52%|4696|Darkest Dungeon
November 2023|2629.41|450.74|+20.69%|4935|Darkest Dungeon
October 2023|2178.67|254.25|+13.21%|4774|Darkest Dungeon
September 2023|1924.42|-415.51|-17.76%|3409|Darkest Dungeon
August 2023|2339.93|-303.08|-11.47%|4523|Darkest Dungeon
July 2023|2643.01|-283.16|-9.68%|4706|Darkest Dungeon
June 2023|2926.17|-1552.39|-34.66%|5569|Darkest Dungeon
May 2023|4478.55|-438.92|-8.93%|8262|Darkest Dungeon
April 2023|4917.47|1129.43|+29.82%|9917|Darkest Dungeon
March 2023|3788.04|212.27|+5.94%|7440|Darkest Dungeon
February 2023|3575.77|-31.49|-0.87%|6007|Darkest Dungeon
January 2023|3607.26|404.16|+12.62%|5871|Darkest Dungeon
December 2022|3203.1|-152.71|-4.55%|5544|Darkest Dungeon
November 2022|3355.81|290.87|+9.49%|6896|Darkest Dungeon
October 2022|3064.94|-163.81|-5.07%|7190|Darkest Dungeon
September 2022|3228.74|421.46|+15.01%|7108|Darkest Dungeon
August 2022|2807.29|-360.87|-11.39%|5042|Darkest Dungeon
July 2022|3168.15|534.62|+20.30%|5269|Darkest Dungeon
June 2022|2633.53|44.68|+1.73%|4928|Darkest Dungeon
May 2022|2588.85|-763.82|-22.78%|4632|Darkest Dungeon
April 2022|3352.67|1526.60|+83.60%|10467|Darkest Dungeon
March 2022|1826.07|-724.18|-28.40%|2927|Darkest Dungeon
February 2022|2550.25|-946.45|-27.07%|4664|Darkest Dungeon
January 2022|3496.7|116.24|+3.44%|6382|Darkest Dungeon
December 2021|3380.46|-1516.76|-30.97%|5856|Darkest Dungeon
November 2021|4897.23|821.30|+20.15%|11482|Darkest Dungeon
October 2021|4075.92|-1366.58|-25.11%|12236|Darkest Dungeon
September 2021|5442.5|1425.22|+35.48%|12816|Darkest Dungeon
August 2021|4017.28|227.82|+6.01%|7419|Darkest Dungeon
July 2021|3789.45|865.28|+29.59%|6455|Darkest Dungeon
June 2021|2924.17|-689.83|-19.09%|5561|Darkest Dungeon
May 2021|3614.0|226.83|+6.70%|8358|Darkest Dungeon
April 2021|3387.17|-2010.41|-37.25%|7558|Darkest Dungeon
March 2021|5397.58|2008.07|+59.24%|12931|Darkest Dungeon
February 2021|3389.51|-556.57|-14.10%|5821|Darkest Dungeon
January 2021|3946.09|746.59|+23.33%|6314|Darkest Dungeon
December 2020|3199.49|-235.20|-6.85%|5870|Darkest Dungeon
November 2020|3434.69|1033.93|+43.07%|6416|Darkest Dungeon
October 2020|2400.76|-650.47|-21.32%|5892|Darkest Dungeon
September 2020|3051.23|123.12|+4.20%|6027|Darkest Dungeon
August 2020|2928.11|-638.38|-17.90%|4214|Darkest Dungeon
July 2020|3566.48|-1742.61|-32.82%|6342|Darkest Dungeon
June 2020|5309.09|1051.14|+24.69%|17363|Darkest Dungeon
May 2020|4257.96|475.59|+12.57%|18667|Darkest Dungeon
April 2020|3782.37|-103.73|-2.67%|6841|Darkest Dungeon
March 2020|3886.09|855.53|+28.23%|7643|Darkest Dungeon
February 2020|3030.56|-188.69|-5.86%|4658|Darkest Dungeon
January 2020|3219.25|267.80|+9.07%|5386|Darkest Dungeon
December 2019|2951.45|276.65|+10.34%|5142|Darkest Dungeon
November 2019|2674.81|542.60|+25.45%|5108|Darkest Dungeon
October 2019|2132.21|433.91|+25.55%|3834|Darkest Dungeon
September 2019|1698.3|-468.57|-21.62%|2856|Darkest Dungeon
August 2019|2166.87|-1114.72|-33.97%|3724|Darkest Dungeon
July 2019|3281.59|-218.98|-6.26%|6477|Darkest Dungeon
June 2019|3500.57|1317.53|+60.35%|7641|Darkest Dungeon
May 2019|2183.04|47.02|+2.20%|3522|Darkest Dungeon
April 2019|2136.01|-1211.09|-36.18%|3434|Darkest Dungeon
March 2019|3347.1|-273.94|-7.57%|6855|Darkest Dungeon
February 2019|3621.04|636.85|+21.34%|9330|Darkest Dungeon
January 2019|2984.19|540.46|+22.12%|5212|Darkest Dungeon
December 2018|2443.73|-674.29|-21.63%|4883|Darkest Dungeon
November 2018|3118.03|130.14|+4.36%|6125|Darkest Dungeon
October 2018|2987.89|868.38|+40.97%|7370|Darkest Dungeon
September 2018|2119.52|-1143.76|-35.05%|3638|Darkest Dungeon
August 2018|3263.28|-3456.60|-51.44%|6142|Darkest Dungeon
July 2018|6719.88|1324.25|+24.54%|14184|Darkest Dungeon
June 2018|5395.64|3179.96|+143.52%|17719|Darkest Dungeon
May 2018|2215.67|-633.75|-22.24%|3754|Darkest Dungeon
April 2018|2849.43|1078.70|+60.92%|7982|Darkest Dungeon
March 2018|1770.73|-398.23|-18.36%|2946|Darkest Dungeon
February 2018|2168.95|-636.98|-22.70%|3873|Darkest Dungeon
January 2018|2805.93|162.78|+6.16%|5448|Darkest Dungeon
December 2017|2643.15|-491.05|-15.67%|5291|Darkest Dungeon
November 2017|3134.2|-224.26|-6.68%|5646|Darkest Dungeon
October 2017|3358.46|1584.64|+89.33%|8476|Darkest Dungeon
September 2017|1773.82|-718.85|-28.84%|3188|Darkest Dungeon
August 2017|2492.67|-4536.15|-64.54%|4991|Darkest Dungeon
July 2017|7028.83|1891.87|+36.83%|17795|Darkest Dungeon
June 2017|5136.96|3733.90|+266.13%|19285|Darkest Dungeon
May 2017|1403.06|-207.12|-12.86%|2415|Darkest Dungeon
April 2017|1610.18|73.41|+4.78%|3292|Darkest Dungeon
March 2017|1536.76|-1283.05|-45.50%|3067|Darkest Dungeon
February 2017|2819.81|303.31|+12.05%|8414|Darkest Dungeon
January 2017|2516.5|742.09|+41.82%|5872|Darkest Dungeon
December 2016|1774.41|158.86|+9.83%|4737|Darkest Dungeon
November 2016|1615.55|463.68|+40.25%|3492|Darkest Dungeon
October 2016|1151.87|270.68|+30.72%|2762|Darkest Dungeon
September 2016|881.19|-102.37|-10.41%|1561|Darkest Dungeon
August 2016|983.56|-672.57|-40.61%|1674|Darkest Dungeon
July 2016|1656.13|164.86|+11.05%|4331|Darkest Dungeon
June 2016|1491.27|95.28|+6.83%|4163|Darkest Dungeon
May 2016|1395.99|246.11|+21.40%|4945|Darkest Dungeon
April 2016|1149.88|-933.00|-44.79%|2611|Darkest Dungeon
March 2016|2082.88|-2499.97|-54.55%|4109|Darkest Dungeon
February 2016|4582.85|-191.43|-4.01%|10927|Darkest Dungeon
January 2016|4774.28|3447.68|+259.89%|14661|Darkest Dungeon
December 2015|1326.6|699.24|+111.46%|3543|Darkest Dungeon
November 2015|627.36|-686.60|-52.25%|1906|Darkest Dungeon
October 2015|1313.96|822.68|+167.46%|4637|Darkest Dungeon
September 2015|491.28|-319.60|-39.41%|1439|Darkest Dungeon
August 2015|810.88|-55.25|-6.38%|2350|Darkest Dungeon
July 2015|866.13|-421.10|-32.71%|2220|Darkest Dungeon
June 2015|1287.23|780.23|+153.89%|3060|Darkest Dungeon
May 2015|507.0|19.78|+4.06%|3257|Darkest Dungeon
April 2015|487.22|-960.08|-66.34%|1011|Darkest Dungeon
March 2015|1447.3|-3354.80|-69.86%|4360|Darkest Dungeon
February 2015|4802.1|4782.74|+24702.24%|13240|Darkest Dungeon
January 2015|19.36|19.03|+5819.11%|597|Darkest Dungeon
December 2014|0.33|-|-|3|Darkest Dungeon
March 2024|4887.19|-458.56|-8.58%|9870|Divinity꞉ Original Sin 2
February 2024|5345.75|-780.09|-12.73%|12818|Divinity꞉ Original Sin 2
January 2024|6125.84|1253.13|+25.72%|13326|Divinity꞉ Original Sin 2
December 2023|4872.71|771.87|+18.82%|12131|Divinity꞉ Original Sin 2
November 2023|4100.84|-737.93|-15.25%|8479|Divinity꞉ Original Sin 2
October 2023|4838.77|-2246.64|-31.71%|10966|Divinity꞉ Original Sin 2
September 2023|7085.41|-1143.43|-13.90%|17402|Divinity꞉ Original Sin 2
August 2023|8228.83|-963.63|-10.48%|15765|Divinity꞉ Original Sin 2
July 2023|9192.47|3228.81|+54.14%|16650|Divinity꞉ Original Sin 2
June 2023|5963.66|-572.79|-8.76%|11522|Divinity꞉ Original Sin 2
May 2023|6536.45|-1391.28|-17.55%|12949|Divinity꞉ Original Sin 2
April 2023|7927.73|0.05|+0.00%|15584|Divinity꞉ Original Sin 2
March 2023|7927.68|781.07|+10.93%|13917|Divinity꞉ Original Sin 2
February 2023|7146.61|-1539.65|-17.73%|15971|Divinity꞉ Original Sin 2
January 2023|8686.26|693.20|+8.67%|14967|Divinity꞉ Original Sin 2
December 2022|7993.06|1840.18|+29.91%|12663|Divinity꞉ Original Sin 2
November 2022|6152.88|-187.93|-2.96%|10897|Divinity꞉ Original Sin 2
October 2022|6340.81|-793.57|-11.12%|12663|Divinity꞉ Original Sin 2
September 2022|7134.38|886.91|+14.20%|17262|Divinity꞉ Original Sin 2
August 2022|6247.47|-1921.05|-23.52%|11022|Divinity꞉ Original Sin 2
July 2022|8168.52|1352.60|+19.84%|13457|Divinity꞉ Original Sin 2
June 2022|6815.92|959.47|+16.38%|11905|Divinity꞉ Original Sin 2
May 2022|5856.44|-218.12|-3.59%|12421|Divinity꞉ Original Sin 2
April 2022|6074.57|21.53|+0.36%|11903|Divinity꞉ Original Sin 2
March 2022|6053.03|-1734.87|-22.28%|11860|Divinity꞉ Original Sin 2
February 2022|7787.9|-1004.30|-11.42%|13652|Divinity꞉ Original Sin 2
January 2022|8792.2|1531.50|+21.09%|15604|Divinity꞉ Original Sin 2
December 2021|7260.7|-661.28|-8.35%|12658|Divinity꞉ Original Sin 2
November 2021|7921.98|522.42|+7.06%|14265|Divinity꞉ Original Sin 2
October 2021|7399.56|-3099.38|-29.52%|16177|Divinity꞉ Original Sin 2
September 2021|10498.94|3042.81|+40.81%|19586|Divinity꞉ Original Sin 2
August 2021|7456.13|-1375.04|-15.57%|11734|Divinity꞉ Original Sin 2
July 2021|8831.17|529.76|+6.38%|16103|Divinity꞉ Original Sin 2
June 2021|8301.42|1114.69|+15.51%|14431|Divinity꞉ Original Sin 2
May 2021|7186.72|-203.54|-2.75%|15803|Divinity꞉ Original Sin 2
April 2021|7390.27|-1206.13|-14.03%|14072|Divinity꞉ Original Sin 2
March 2021|8596.4|-748.77|-8.01%|16458|Divinity꞉ Original Sin 2
February 2021|9345.17|-890.69|-8.70%|17390|Divinity꞉ Original Sin 2
January 2021|10235.86|1313.73|+14.72%|20036|Divinity꞉ Original Sin 2
December 2020|8922.14|-2168.38|-19.55%|17059|Divinity꞉ Original Sin 2
November 2020|11090.52|-740.73|-6.26%|23345|Divinity꞉ Original Sin 2
October 2020|11831.25|759.98|+6.86%|21786|Divinity꞉ Original Sin 2
September 2020|11071.26|1613.75|+17.06%|20410|Divinity꞉ Original Sin 2
August 2020|9457.51|-3232.78|-25.47%|16765|Divinity꞉ Original Sin 2
July 2020|12690.29|1432.19|+12.72%|21244|Divinity꞉ Original Sin 2
June 2020|11258.09|-1444.23|-11.37%|20039|Divinity꞉ Original Sin 2
May 2020|12702.32|-824.69|-6.10%|23788|Divinity꞉ Original Sin 2
April 2020|13527.01|-1567.72|-10.39%|26454|Divinity꞉ Original Sin 2
March 2020|15094.73|6144.54|+68.65%|30748|Divinity꞉ Original Sin 2
February 2020|8950.19|-133.45|-1.47%|20692|Divinity꞉ Original Sin 2
January 2020|9083.64|834.83|+10.12%|16728|Divinity꞉ Original Sin 2
December 2019|8248.81|1339.38|+19.38%|15258|Divinity꞉ Original Sin 2
November 2019|6909.43|1088.58|+18.70%|13944|Divinity꞉ Original Sin 2
October 2019|5820.85|-1086.36|-15.73%|11151|Divinity꞉ Original Sin 2
September 2019|6907.21|748.04|+12.15%|13128|Divinity꞉ Original Sin 2
August 2019|6159.17|-3152.94|-33.86%|11484|Divinity꞉ Original Sin 2
July 2019|9312.11|234.26|+2.58%|17387|Divinity꞉ Original Sin 2
June 2019|9077.85|1017.31|+12.62%|16892|Divinity꞉ Original Sin 2
May 2019|8060.54|2181.14|+37.10%|16297|Divinity꞉ Original Sin 2
April 2019|5879.4|-1825.52|-23.69%|11219|Divinity꞉ Original Sin 2
March 2019|7704.92|-1170.15|-13.18%|16278|Divinity꞉ Original Sin 2
February 2019|8875.07|-747.33|-7.77%|16908|Divinity꞉ Original Sin 2
January 2019|9622.4|1196.84|+14.20%|19299|Divinity꞉ Original Sin 2
December 2018|8425.56|285.56|+3.51%|18421|Divinity꞉ Original Sin 2
November 2018|8139.99|247.57|+3.14%|16332|Divinity꞉ Original Sin 2
October 2018|7892.42|-3674.90|-31.77%|16400|Divinity꞉ Original Sin 2
September 2018|11567.33|6198.00|+115.43%|21541|Divinity꞉ Original Sin 2
August 2018|5369.33|-3305.00|-38.10%|12939|Divinity꞉ Original Sin 2
July 2018|8674.33|1538.94|+21.57%|15874|Divinity꞉ Original Sin 2
June 2018|7135.39|-437.03|-5.77%|13409|Divinity꞉ Original Sin 2
May 2018|7572.42|485.34|+6.85%|13900|Divinity꞉ Original Sin 2
April 2018|7087.08|459.06|+6.93%|15236|Divinity꞉ Original Sin 2
March 2018|6628.01|-1842.71|-21.75%|13298|Divinity꞉ Original Sin 2
February 2018|8470.72|-3946.40|-31.78%|18026|Divinity꞉ Original Sin 2
January 2018|12417.12|1954.39|+18.68%|25690|Divinity꞉ Original Sin 2
December 2017|10462.73|-1259.55|-10.74%|22602|Divinity꞉ Original Sin 2
November 2017|11722.28|-16280.63|-58.14%|28670|Divinity꞉ Original Sin 2
October 2017|28002.91|1714.19|+6.52%|80081|Divinity꞉ Original Sin 2
September 2017|26288.72|25843.85|+5809.33%|93350|Divinity꞉ Original Sin 2
August 2017|444.87|153.92|+52.90%|1172|Divinity꞉ Original Sin 2
July 2017|290.95|-118.35|-28.92%|548|Divinity꞉ Original Sin 2
June 2017|409.3|3.34|+0.82%|1082|Divinity꞉ Original Sin 2
May 2017|405.96|170.28|+72.25%|1335|Divinity꞉ Original Sin 2
April 2017|235.68|50.67|+27.39%|569|Divinity꞉ Original Sin 2
March 2017|185.01|-57.69|-23.77%|400|Divinity꞉ Original Sin 2
February 2017|242.69|36.43|+17.66%|644|Divinity꞉ Original Sin 2
January 2017|206.26|14.23|+7.41%|429|Divinity꞉ Original Sin 2
December 2016|192.03|-21.90|-10.24%|405|Divinity꞉ Original Sin 2
November 2016|213.92|-134.68|-38.63%|537|Divinity꞉ Original Sin 2
October 2016|348.6|-201.75|-36.66%|1031|Divinity꞉ Original Sin 2
September 2016|550.36|543.26|+7654.89%|2836|Divinity꞉ Original Sin 2
August 2016|7.1|-|-|18|Divinity꞉ Original Sin 2
March 2024|62147.08|13528.19|+27.82%|111914|ELDEN RING
February 2024|48618.88|-5560.94|-10.26%|108636|ELDEN RING
January 2024|54179.83|20747.50|+62.06%|99007|ELDEN RING
December 2023|33432.32|6465.31|+23.97%|88401|ELDEN RING
November 2023|26967.01|-5607.60|-17.21%|51640|ELDEN RING
October 2023|32574.61|11029.72|+51.19%|67367|ELDEN RING
September 2023|21544.89|-6160.72|-22.24%|37349|ELDEN RING
August 2023|27705.6|-7588.04|-21.50%|45933|ELDEN RING
July 2023|35293.65|14301.30|+68.13%|56698|ELDEN RING
June 2023|20992.34|-4434.21|-17.44%|34628|ELDEN RING
May 2023|25426.56|-7869.43|-23.63%|43846|ELDEN RING
April 2023|33295.98|-10511.63|-23.99%|59357|ELDEN RING
March 2023|43807.61|-6635.64|-13.15%|74718|ELDEN RING
February 2023|50443.25|-17442.22|-25.69%|81740|ELDEN RING
January 2023|67885.47|27573.12|+68.40%|106913|ELDEN RING
December 2022|40312.34|16370.22|+68.37%|85651|ELDEN RING
November 2022|23942.12|-666.85|-2.71%|36112|ELDEN RING
October 2022|24608.97|-3147.90|-11.34%|39776|ELDEN RING
September 2022|27756.87|-3319.08|-10.68%|45238|ELDEN RING
August 2022|31075.95|-4556.84|-12.79%|47252|ELDEN RING
July 2022|35632.79|-14517.55|-28.95%|52347|ELDEN RING
June 2022|50150.34|-39896.80|-44.31%|88390|ELDEN RING
May 2022|90047.14|-121421.75|-57.42%|192569|ELDEN RING
April 2022|211468.89|-310597.48|-59.49%|457067|ELDEN RING
March 2022|522066.37|-|-|952523|ELDEN RING
March 2024|14791.27|202.51|+1.39%|25580|Fallout 4
February 2024|14588.76|-745.70|-4.86%|24354|Fallout 4
January 2024|15334.46|991.04|+6.91%|24668|Fallout 4
December 2023|14343.42|1007.53|+7.56%|22408|Fallout 4
November 2023|13335.89|1388.84|+11.62%|20753|Fallout 4
October 2023|11947.05|-1721.86|-12.60%|21318|Fallout 4
September 2023|13668.91|-3830.58|-21.89%|22953|Fallout 4
August 2023|17499.49|-388.81|-2.17%|27730|Fallout 4
July 2023|17888.3|2823.80|+18.74%|27022|Fallout 4
June 2023|15064.5|2033.22|+15.60%|26021|Fallout 4
May 2023|13031.28|-1171.24|-8.25%|20281|Fallout 4
April 2023|14202.52|-16.09|-0.11%|22530|Fallout 4
March 2023|14218.62|-1038.49|-6.81%|23467|Fallout 4
February 2023|15257.11|-2277.46|-12.99%|25698|Fallout 4
January 2023|17534.57|1609.58|+10.11%|27076|Fallout 4
December 2022|15924.99|-1121.02|-6.58%|24301|Fallout 4
November 2022|17046.01|-1451.12|-7.85%|28190|Fallout 4
October 2022|18497.13|3743.04|+25.37%|31142|Fallout 4
September 2022|14754.09|-1952.13|-11.69%|24300|Fallout 4
August 2022|16706.22|492.37|+3.04%|27516|Fallout 4
July 2022|16213.85|2216.00|+15.83%|23753|Fallout 4
June 2022|13997.85|601.45|+4.49%|22069|Fallout 4
May 2022|13396.39|-330.71|-2.41%|20626|Fallout 4
April 2022|13727.11|224.00|+1.66%|21733|Fallout 4
March 2022|13503.1|-1661.09|-10.95%|21708|Fallout 4
February 2022|15164.19|-1789.88|-10.56%|23963|Fallout 4
January 2022|16954.06|1527.61|+9.90%|24939|Fallout 4
December 2021|15426.45|-1595.24|-9.37%|23085|Fallout 4
November 2021|17021.69|-809.44|-4.54%|27235|Fallout 4
October 2021|17831.13|1216.83|+7.32%|32662|Fallout 4
September 2021|16614.3|-2696.39|-13.96%|26916|Fallout 4
August 2021|19310.69|5277.55|+37.61%|34180|Fallout 4
July 2021|14033.14|1602.62|+12.89%|20199|Fallout 4
June 2021|12430.52|-704.16|-5.36%|19487|Fallout 4
May 2021|13134.68|524.82|+4.16%|21237|Fallout 4
April 2021|12609.86|-32.81|-0.26%|19732|Fallout 4
March 2021|12642.67|-1130.48|-8.21%|20908|Fallout 4
February 2021|13773.15|-1310.79|-8.69%|21274|Fallout 4
January 2021|15083.94|624.58|+4.32%|23877|Fallout 4
December 2020|14459.36|-2155.76|-12.97%|23305|Fallout 4
November 2020|16615.12|1557.54|+10.34%|26621|Fallout 4
October 2020|15057.58|2185.37|+16.98%|29702|Fallout 4
September 2020|12872.22|-2344.57|-15.41%|19804|Fallout 4
August 2020|15216.79|68.44|+0.45%|24206|Fallout 4
July 2020|15148.35|2224.21|+17.21%|23204|Fallout 4
June 2020|12924.14|-2211.93|-14.61%|20948|Fallout 4
May 2020|15136.06|-850.47|-5.32%|23912|Fallout 4
April 2020|15986.54|1641.31|+11.44%|24455|Fallout 4
March 2020|14345.23|554.60|+4.02%|24354|Fallout 4
February 2020|13790.63|-585.88|-4.08%|21988|Fallout 4
January 2020|14376.51|397.28|+2.84%|23023|Fallout 4
December 2019|13979.23|975.08|+7.50%|23706|Fallout 4
November 2019|13004.15|868.08|+7.15%|22661|Fallout 4
October 2019|12136.07|167.63|+1.40%|23275|Fallout 4
September 2019|11968.44|-2829.04|-19.12%|20097|Fallout 4
August 2019|14797.48|779.22|+5.56%|24918|Fallout 4
July 2019|14018.26|1076.63|+8.32%|25568|Fallout 4
June 2019|12941.63|1708.32|+15.21%|20831|Fallout 4
May 2019|11233.31|922.75|+8.95%|19712|Fallout 4
April 2019|10310.56|-1289.10|-11.11%|17822|Fallout 4
March 2019|11599.67|-401.55|-3.35%|19879|Fallout 4
February 2019|12001.22|-2081.48|-14.78%|20610|Fallout 4
January 2019|14082.69|-2888.44|-17.02%|25206|Fallout 4
December 2018|16971.13|-1962.75|-10.37%|31485|Fallout 4
November 2018|18933.89|380.77|+2.05%|33389|Fallout 4
October 2018|18553.12|1974.11|+11.91%|36389|Fallout 4
September 2018|16579.01|-2212.24|-11.77%|28436|Fallout 4
August 2018|18791.24|-4679.10|-19.94%|32239|Fallout 4
July 2018|23470.34|-2051.52|-8.04%|43476|Fallout 4
June 2018|25521.86|10460.64|+69.45%|47573|Fallout 4
May 2018|15061.22|85.03|+0.57%|25653|Fallout 4
April 2018|14976.19|-2171.35|-12.66%|26203|Fallout 4
March 2018|17147.54|-4444.92|-20.59%|30503|Fallout 4
February 2018|21592.46|743.62|+3.57%|45111|Fallout 4
January 2018|20848.84|846.59|+4.23%|37190|Fallout 4
December 2017|20002.25|1634.64|+8.90%|34512|Fallout 4
November 2017|18367.61|-351.39|-1.88%|33736|Fallout 4
October 2017|18719.0|474.71|+2.60%|35886|Fallout 4
September 2017|18244.29|-504.18|-2.69%|31836|Fallout 4
August 2017|18748.47|-2943.63|-13.57%|32696|Fallout 4
July 2017|21692.1|-90.74|-0.42%|36800|Fallout 4
June 2017|21782.84|2846.72|+15.03%|38111|Fallout 4
May 2017|18936.13|2089.22|+12.40%|49675|Fallout 4
April 2017|16846.91|-51.99|-0.31%|29010|Fallout 4
March 2017|16898.9|-2674.97|-13.67%|31843|Fallout 4
February 2017|19573.86|-3236.02|-14.19%|34587|Fallout 4
January 2017|22809.88|1751.13|+8.32%|41471|Fallout 4
December 2016|21058.75|1360.35|+6.91%|37794|Fallout 4
November 2016|19698.4|-1087.60|-5.23%|40096|Fallout 4
October 2016|20786.01|-3608.11|-14.79%|39948|Fallout 4
September 2016|24394.12|735.91|+3.11%|48954|Fallout 4
August 2016|23658.21|-699.12|-2.87%|45998|Fallout 4
July 2016|24357.33|-874.69|-3.47%|41541|Fallout 4
June 2016|25232.02|-4294.38|-14.54%|45855|Fallout 4
May 2016|29526.4|2964.83|+11.16%|74283|Fallout 4
April 2016|26561.57|-1964.90|-6.89%|52480|Fallout 4
March 2016|28526.47|-4206.69|-12.85%|57102|Fallout 4
February 2016|32733.17|-22093.30|-40.30%|61739|Fallout 4
January 2016|54826.47|-39309.90|-41.76%|119272|Fallout 4
December 2015|94136.37|-132161.46|-58.40%|201635|Fallout 4
November 2015|226297.83|-|-|471955|Fallout 4
March 2024|801.74|200.43|+33.33%|1560|FINAL FANTASY VII
February 2024|601.3|159.34|+36.05%|1152|FINAL FANTASY VII
January 2024|441.96|85.22|+23.89%|753|FINAL FANTASY VII
December 2023|356.74|107.87|+43.34%|695|FINAL FANTASY VII
November 2023|248.87|-44.27|-15.10%|430|FINAL FANTASY VII
October 2023|293.14|-12.59|-4.12%|558|FINAL FANTASY VII
September 2023|305.73|40.82|+15.41%|665|FINAL FANTASY VII
August 2023|264.91|-111.28|-29.58%|448|FINAL FANTASY VII
July 2023|376.19|95.63|+34.08%|622|FINAL FANTASY VII
June 2023|280.56|0.49|+0.18%|521|FINAL FANTASY VII
May 2023|280.07|-40.83|-12.72%|515|FINAL FANTASY VII
April 2023|320.9|-3.98|-1.22%|561|FINAL FANTASY VII
March 2023|324.87|-10.94|-3.26%|644|FINAL FANTASY VII
February 2023|335.82|-108.39|-24.40%|608|FINAL FANTASY VII
January 2023|444.21|122.36|+38.02%|759|FINAL FANTASY VII
December 2022|321.85|88.07|+37.67%|641|FINAL FANTASY VII
November 2022|233.78|-35.23|-13.10%|408|FINAL FANTASY VII
October 2022|269.01|-28.70|-9.64%|482|FINAL FANTASY VII
September 2022|297.71|-10.46|-3.39%|509|FINAL FANTASY VII
August 2022|308.17|-144.85|-31.97%|534|FINAL FANTASY VII
July 2022|453.02|76.11|+20.19%|769|FINAL FANTASY VII
June 2022|376.9|55.63|+17.31%|809|FINAL FANTASY VII
May 2022|321.28|12.35|+4.00%|521|FINAL FANTASY VII
April 2022|308.92|22.84|+7.98%|508|FINAL FANTASY VII
March 2022|286.08|-25.07|-8.06%|560|FINAL FANTASY VII
February 2022|311.15|-128.84|-29.28%|582|FINAL FANTASY VII
January 2022|439.99|116.99|+36.22%|782|FINAL FANTASY VII
December 2021|323.0|71.08|+28.22%|674|FINAL FANTASY VII
November 2021|251.91|-46.60|-15.61%|400|FINAL FANTASY VII
October 2021|298.51|19.55|+7.01%|522|FINAL FANTASY VII
September 2021|278.96|-31.29|-10.09%|447|FINAL FANTASY VII
August 2021|310.25|-27.94|-8.26%|482|FINAL FANTASY VII
July 2021|338.19|37.85|+12.60%|533|FINAL FANTASY VII
June 2021|300.33|-60.12|-16.68%|554|FINAL FANTASY VII
May 2021|360.45|-51.32|-12.46%|648|FINAL FANTASY VII
April 2021|411.77|-30.48|-6.89%|737|FINAL FANTASY VII
March 2021|442.25|79.13|+21.79%|925|FINAL FANTASY VII
February 2021|363.12|-111.16|-23.44%|618|FINAL FANTASY VII
January 2021|474.28|71.40|+17.72%|881|FINAL FANTASY VII
December 2020|402.88|127.28|+46.18%|845|FINAL FANTASY VII
November 2020|275.6|-39.67|-12.58%|439|FINAL FANTASY VII
October 2020|315.28|0.37|+0.12%|554|FINAL FANTASY VII
September 2020|314.91|-19.33|-5.78%|559|FINAL FANTASY VII
August 2020|334.23|-93.87|-21.93%|576|FINAL FANTASY VII
July 2020|428.1|-136.92|-24.23%|745|FINAL FANTASY VII
June 2020|565.01|-998.04|-63.85%|1015|FINAL FANTASY VII
May 2020|1563.06|-266.31|-14.56%|3367|FINAL FANTASY VII
April 2020|1829.37|888.68|+94.47%|3663|FINAL FANTASY VII
March 2020|940.69|409.90|+77.22%|1577|FINAL FANTASY VII
February 2020|530.79|96.31|+22.17%|977|FINAL FANTASY VII
January 2020|434.48|95.33|+28.11%|788|FINAL FANTASY VII
December 2019|339.15|75.95|+28.86%|729|FINAL FANTASY VII
November 2019|263.19|-42.07|-13.78%|455|FINAL FANTASY VII
October 2019|305.27|-34.66|-10.20%|552|FINAL FANTASY VII
September 2019|339.93|-16.48|-4.62%|616|FINAL FANTASY VII
August 2019|356.41|-183.93|-34.04%|596|FINAL FANTASY VII
July 2019|540.35|-137.81|-20.32%|997|FINAL FANTASY VII
June 2019|678.15|230.18|+51.38%|1352|FINAL FANTASY VII
May 2019|447.98|87.22|+24.18%|832|FINAL FANTASY VII
April 2019|360.76|6.92|+1.96%|622|FINAL FANTASY VII
March 2019|353.83|-47.43|-11.82%|741|FINAL FANTASY VII
February 2019|401.26|-52.51|-11.57%|701|FINAL FANTASY VII
January 2019|453.77|50.11|+12.41%|787|FINAL FANTASY VII
December 2018|403.66|80.80|+25.03%|794|FINAL FANTASY VII
November 2018|322.86|-17.82|-5.23%|606|FINAL FANTASY VII
October 2018|340.68|-11.41|-3.24%|552|FINAL FANTASY VII
September 2018|352.09|-24.58|-6.53%|642|FINAL FANTASY VII
August 2018|376.67|-82.40|-17.95%|648|FINAL FANTASY VII
July 2018|459.06|84.66|+22.61%|755|FINAL FANTASY VII
June 2018|374.4|-6.74|-1.77%|643|FINAL FANTASY VII
May 2018|381.15|-50.02|-11.60%|634|FINAL FANTASY VII
April 2018|431.17|-164.91|-27.67%|756|FINAL FANTASY VII
March 2018|596.08|115.06|+23.92%|1320|FINAL FANTASY VII
February 2018|481.03|-88.25|-15.50%|838|FINAL FANTASY VII
January 2018|569.28|107.02|+23.15%|1065|FINAL FANTASY VII
December 2017|462.26|80.19|+20.99%|987|FINAL FANTASY VII
November 2017|382.07|2.23|+0.59%|683|FINAL FANTASY VII
October 2017|379.84|-5.53|-1.44%|663|FINAL FANTASY VII
September 2017|385.38|-27.46|-6.65%|655|FINAL FANTASY VII
August 2017|412.83|-115.60|-21.88%|704|FINAL FANTASY VII
July 2017|528.44|101.87|+23.88%|947|FINAL FANTASY VII
June 2017|426.57|28.28|+7.10%|821|FINAL FANTASY VII
May 2017|398.29|-15.86|-3.83%|718|FINAL FANTASY VII
April 2017|414.15|-62.65|-13.14%|693|FINAL FANTASY VII
March 2017|476.81|-147.46|-23.62%|944|FINAL FANTASY VII
February 2017|624.26|-8.22|-1.30%|1384|FINAL FANTASY VII
January 2017|632.49|99.33|+18.63%|1372|FINAL FANTASY VII
December 2016|533.16|164.05|+44.44%|1152|FINAL FANTASY VII
November 2016|369.11|6.33|+1.74%|634|FINAL FANTASY VII
October 2016|362.78|-1.24|-0.34%|646|FINAL FANTASY VII
September 2016|364.02|-30.93|-7.83%|622|FINAL FANTASY VII
August 2016|394.95|-48.29|-10.89%|704|FINAL FANTASY VII
July 2016|443.24|7.14|+1.64%|734|FINAL FANTASY VII
June 2016|436.1|-23.12|-5.04%|744|FINAL FANTASY VII
May 2016|459.23|-51.09|-10.01%|838|FINAL FANTASY VII
April 2016|510.32|-135.44|-20.97%|948|FINAL FANTASY VII
March 2016|645.76|75.20|+13.18%|1453|FINAL FANTASY VII
February 2016|570.56|-320.05|-35.94%|1010|FINAL FANTASY VII
January 2016|890.61|77.16|+9.48%|1897|FINAL FANTASY VII
December 2015|813.45|372.51|+84.48%|1711|FINAL FANTASY VII
November 2015|440.94|-20.06|-4.35%|723|FINAL FANTASY VII
October 2015|461.0|-78.57|-14.56%|825|FINAL FANTASY VII
September 2015|539.58|-120.65|-18.27%|881|FINAL FANTASY VII
August 2015|660.22|-239.83|-26.65%|1082|FINAL FANTASY VII
July 2015|900.05|-73.83|-7.58%|1783|FINAL FANTASY VII
June 2015|973.89|471.36|+93.80%|2657|FINAL FANTASY VII
May 2015|502.52|-55.92|-10.01%|823|FINAL FANTASY VII
April 2015|558.44|-37.87|-6.35%|965|FINAL FANTASY VII
March 2015|596.31|-263.99|-30.69%|1171|FINAL FANTASY VII
February 2015|860.3|73.12|+9.29%|2005|FINAL FANTASY VII
January 2015|787.18|258.97|+49.03%|1713|FINAL FANTASY VII
December 2014|528.2|107.28|+25.49%|1322|FINAL FANTASY VII
November 2014|420.92|-68.57|-14.01%|777|FINAL FANTASY VII
October 2014|489.49|-12.99|-2.59%|866|FINAL FANTASY VII
September 2014|502.49|-101.13|-16.75%|894|FINAL FANTASY VII
August 2014|603.62|-135.23|-18.30%|1055|FINAL FANTASY VII
July 2014|738.84|29.00|+4.08%|1443|FINAL FANTASY VII
June 2014|709.85|130.85|+22.60%|1809|FINAL FANTASY VII
May 2014|579.0|-249.78|-30.14%|965|FINAL FANTASY VII
April 2014|828.78|141.79|+20.64%|1786|FINAL FANTASY VII
March 2014|686.99|-59.96|-8.03%|2690|FINAL FANTASY VII
February 2014|746.95|-434.12|-36.76%|1462|FINAL FANTASY VII
January 2014|1181.07|-596.31|-33.55%|2589|FINAL FANTASY VII
December 2013|1777.38|1041.69|+141.59%|3912|FINAL FANTASY VII
November 2013|735.69|-543.29|-42.48%|3566|FINAL FANTASY VII
October 2013|1278.99|512.93|+66.96%|3952|FINAL FANTASY VII
September 2013|766.06|-624.50|-44.91%|1470|FINAL FANTASY VII
August 2013|1390.55|-1490.24|-51.73%|3034|FINAL FANTASY VII
July 2013|2880.8|-|-|6424|FINAL FANTASY VII
March 2024|157.25|-180.74|-53.48%|292|Hi-Fi RUSH
February 2024|337.99|19.15|+6.01%|999|Hi-Fi RUSH
January 2024|318.85|-23.74|-6.93%|691|Hi-Fi RUSH
December 2023|342.59|161.39|+89.07%|638|Hi-Fi RUSH
November 2023|181.2|69.28|+61.91%|567|Hi-Fi RUSH
October 2023|111.91|-38.79|-25.74%|198|Hi-Fi RUSH
September 2023|150.7|-122.16|-44.77%|294|Hi-Fi RUSH
August 2023|272.87|-116.24|-29.87%|556|Hi-Fi RUSH
July 2023|389.1|-9.67|-2.43%|772|Hi-Fi RUSH
June 2023|398.78|181.26|+83.33%|1194|Hi-Fi RUSH
May 2023|217.52|-210.86|-49.22%|402|Hi-Fi RUSH
April 2023|428.37|-397.03|-48.10%|836|Hi-Fi RUSH
March 2023|825.4|-1573.65|-65.59%|1560|Hi-Fi RUSH
February 2023|2399.05|-|-|5438|Hi-Fi RUSH
March 2024|609.81|199.43|+48.60%|1372|Middle-earth꞉ Shadow of Mordor
February 2024|410.38|-87.78|-17.62%|1196|Middle-earth꞉ Shadow of Mordor
January 2024|498.16|-86.56|-14.80%|1022|Middle-earth꞉ Shadow of Mordor
December 2023|584.72|-56.20|-8.77%|1054|Middle-earth꞉ Shadow of Mordor
November 2023|640.93|-45.02|-6.56%|1346|Middle-earth꞉ Shadow of Mordor
October 2023|685.95|381.96|+125.65%|2538|Middle-earth꞉ Shadow of Mordor
September 2023|303.98|-27.67|-8.34%|574|Middle-earth꞉ Shadow of Mordor
August 2023|331.65|-167.08|-33.50%|603|Middle-earth꞉ Shadow of Mordor
July 2023|498.73|13.93|+2.87%|918|Middle-earth꞉ Shadow of Mordor
June 2023|484.81|-270.22|-35.79%|976|Middle-earth꞉ Shadow of Mordor
May 2023|755.03|334.61|+79.59%|2205|Middle-earth꞉ Shadow of Mordor
April 2023|420.42|-101.57|-19.46%|816|Middle-earth꞉ Shadow of Mordor
March 2023|521.99|-462.25|-46.96%|1038|Middle-earth꞉ Shadow of Mordor
February 2023|984.24|467.43|+90.45%|2796|Middle-earth꞉ Shadow of Mordor
January 2023|516.8|-70.66|-12.03%|1062|Middle-earth꞉ Shadow of Mordor
December 2022|587.46|7.59|+1.31%|1098|Middle-earth꞉ Shadow of Mordor
November 2022|579.87|-781.76|-57.41%|1148|Middle-earth꞉ Shadow of Mordor
October 2022|1361.63|632.84|+86.83%|4414|Middle-earth꞉ Shadow of Mordor
September 2022|728.79|298.83|+69.50%|2187|Middle-earth꞉ Shadow of Mordor
August 2022|429.96|-98.99|-18.71%|838|Middle-earth꞉ Shadow of Mordor
July 2022|528.95|140.29|+36.10%|971|Middle-earth꞉ Shadow of Mordor
June 2022|388.66|-166.33|-29.97%|857|Middle-earth꞉ Shadow of Mordor
May 2022|554.98|213.72|+62.63%|1458|Middle-earth꞉ Shadow of Mordor
April 2022|341.26|-32.48|-8.69%|636|Middle-earth꞉ Shadow of Mordor
March 2022|373.74|-146.80|-28.20%|740|Middle-earth꞉ Shadow of Mordor
February 2022|520.54|-152.13|-22.62%|1125|Middle-earth꞉ Shadow of Mordor
January 2022|672.67|13.58|+2.06%|1482|Middle-earth꞉ Shadow of Mordor
December 2021|659.1|115.44|+21.23%|1362|Middle-earth꞉ Shadow of Mordor
November 2021|543.66|-256.83|-32.08%|1253|Middle-earth꞉ Shadow of Mordor
October 2021|800.49|263.73|+49.13%|2476|Middle-earth꞉ Shadow of Mordor
September 2021|536.76|-189.20|-26.06%|1147|Middle-earth꞉ Shadow of Mordor
August 2021|725.97|73.18|+11.21%|2496|Middle-earth꞉ Shadow of Mordor
July 2021|652.78|160.33|+32.56%|1494|Middle-earth꞉ Shadow of Mordor
June 2021|492.46|-59.51|-10.78%|1199|Middle-earth꞉ Shadow of Mordor
May 2021|551.97|105.18|+23.54%|1299|Middle-earth꞉ Shadow of Mordor
April 2021|446.79|-223.06|-33.30%|826|Middle-earth꞉ Shadow of Mordor
March 2021|669.84|107.74|+19.17%|1930|Middle-earth꞉ Shadow of Mordor
February 2021|562.1|-131.28|-18.93%|1102|Middle-earth꞉ Shadow of Mordor
January 2021|693.38|-143.32|-17.13%|1588|Middle-earth꞉ Shadow of Mordor
December 2020|836.7|143.40|+20.68%|1698|Middle-earth꞉ Shadow of Mordor
November 2020|693.3|84.46|+13.87%|1509|Middle-earth꞉ Shadow of Mordor
October 2020|608.84|27.08|+4.65%|1369|Middle-earth꞉ Shadow of Mordor
September 2020|581.76|2.18|+0.38%|2112|Middle-earth꞉ Shadow of Mordor
August 2020|579.57|95.04|+19.61%|1216|Middle-earth꞉ Shadow of Mordor
July 2020|484.54|26.93|+5.88%|870|Middle-earth꞉ Shadow of Mordor
June 2020|457.61|-80.73|-15.00%|827|Middle-earth꞉ Shadow of Mordor
May 2020|538.34|-214.42|-28.48%|1022|Middle-earth꞉ Shadow of Mordor
April 2020|752.76|138.01|+22.45%|1595|Middle-earth꞉ Shadow of Mordor
March 2020|614.74|145.20|+30.92%|2139|Middle-earth꞉ Shadow of Mordor
February 2020|469.54|-127.26|-21.32%|965|Middle-earth꞉ Shadow of Mordor
January 2020|596.81|-108.38|-15.37%|1260|Middle-earth꞉ Shadow of Mordor
December 2019|705.19|31.55|+4.68%|1377|Middle-earth꞉ Shadow of Mordor
November 2019|673.64|250.36|+59.15%|1795|Middle-earth꞉ Shadow of Mordor
October 2019|423.27|-39.07|-8.45%|867|Middle-earth꞉ Shadow of Mordor
September 2019|462.34|-35.97|-7.22%|889|Middle-earth꞉ Shadow of Mordor
August 2019|498.31|-41.47|-7.68%|1155|Middle-earth꞉ Shadow of Mordor
July 2019|539.78|31.06|+6.11%|1050|Middle-earth꞉ Shadow of Mordor
June 2019|508.72|-11.87|-2.28%|1002|Middle-earth꞉ Shadow of Mordor
May 2019|520.59|39.86|+8.29%|1218|Middle-earth꞉ Shadow of Mordor
April 2019|480.73|-138.34|-22.35%|956|Middle-earth꞉ Shadow of Mordor
March 2019|619.07|46.40|+8.10%|1456|Middle-earth꞉ Shadow of Mordor
February 2019|572.67|-189.61|-24.87%|1185|Middle-earth꞉ Shadow of Mordor
January 2019|762.28|-88.16|-10.37%|1647|Middle-earth꞉ Shadow of Mordor
December 2018|850.44|-153.33|-15.28%|1754|Middle-earth꞉ Shadow of Mordor
November 2018|1003.77|-16.76|-1.64%|2405|Middle-earth꞉ Shadow of Mordor
October 2018|1020.52|232.88|+29.57%|2618|Middle-earth꞉ Shadow of Mordor
September 2018|787.64|-39.18|-4.74%|2610|Middle-earth꞉ Shadow of Mordor
August 2018|826.82|-22.56|-2.66%|2088|Middle-earth꞉ Shadow of Mordor
July 2018|849.37|-54.06|-5.98%|1622|Middle-earth꞉ Shadow of Mordor
June 2018|903.43|-157.39|-14.84%|1959|Middle-earth꞉ Shadow of Mordor
May 2018|1060.82|265.03|+33.30%|4995|Middle-earth꞉ Shadow of Mordor
April 2018|795.79|-176.54|-18.16%|1544|Middle-earth꞉ Shadow of Mordor
March 2018|972.32|-238.50|-19.70%|2034|Middle-earth꞉ Shadow of Mordor
February 2018|1210.83|-67.79|-5.30%|2948|Middle-earth꞉ Shadow of Mordor
January 2018|1278.62|-302.05|-19.11%|2842|Middle-earth꞉ Shadow of Mordor
December 2017|1580.67|-806.96|-33.80%|3156|Middle-earth꞉ Shadow of Mordor
November 2017|2387.62|-2566.32|-51.80%|5843|Middle-earth꞉ Shadow of Mordor
October 2017|4953.94|2347.70|+90.08%|10684|Middle-earth꞉ Shadow of Mordor
September 2017|2606.23|-229.11|-8.08%|7586|Middle-earth꞉ Shadow of Mordor
August 2017|2835.34|-5931.86|-67.66%|5498|Middle-earth꞉ Shadow of Mordor
July 2017|8767.21|4650.05|+112.94%|29572|Middle-earth꞉ Shadow of Mordor
June 2017|4117.16|2553.39|+163.28%|19467|Middle-earth꞉ Shadow of Mordor
May 2017|1563.77|-891.62|-36.31%|3075|Middle-earth꞉ Shadow of Mordor
April 2017|2455.39|-1207.96|-32.97%|6221|Middle-earth꞉ Shadow of Mordor
March 2017|3663.35|2352.84|+179.54%|11247|Middle-earth꞉ Shadow of Mordor
February 2017|1310.51|-336.42|-20.43%|3591|Middle-earth꞉ Shadow of Mordor
January 2017|1646.93|-6.77|-0.41%|3812|Middle-earth꞉ Shadow of Mordor
December 2016|1653.7|117.64|+7.66%|3130|Middle-earth꞉ Shadow of Mordor
November 2016|1536.06|-200.64|-11.55%|3933|Middle-earth꞉ Shadow of Mordor
October 2016|1736.7|-609.85|-25.99%|3970|Middle-earth꞉ Shadow of Mordor
September 2016|2346.54|46.33|+2.01%|7649|Middle-earth꞉ Shadow of Mordor
August 2016|2300.22|-356.47|-13.42%|5626|Middle-earth꞉ Shadow of Mordor
July 2016|2656.69|1125.72|+73.53%|7784|Middle-earth꞉ Shadow of Mordor
June 2016|1530.97|80.09|+5.52%|4787|Middle-earth꞉ Shadow of Mordor
May 2016|1450.88|-22.33|-1.52%|4061|Middle-earth꞉ Shadow of Mordor
April 2016|1473.2|46.84|+3.28%|4086|Middle-earth꞉ Shadow of Mordor
March 2016|1426.36|-500.30|-25.97%|3150|Middle-earth꞉ Shadow of Mordor
February 2016|1926.66|-101.94|-5.03%|4466|Middle-earth꞉ Shadow of Mordor
January 2016|2028.61|-97.18|-4.57%|5131|Middle-earth꞉ Shadow of Mordor
December 2015|2125.79|-326.88|-13.33%|5413|Middle-earth꞉ Shadow of Mordor
November 2015|2452.67|446.34|+22.25%|6060|Middle-earth꞉ Shadow of Mordor
October 2015|2006.33|-512.11|-20.33%|5042|Middle-earth꞉ Shadow of Mordor
September 2015|2518.44|619.12|+32.60%|9855|Middle-earth꞉ Shadow of Mordor
August 2015|1899.31|627.53|+49.34%|5098|Middle-earth꞉ Shadow of Mordor
July 2015|1271.78|-419.15|-24.79%|2551|Middle-earth꞉ Shadow of Mordor
June 2015|1690.93|-185.98|-9.91%|3957|Middle-earth꞉ Shadow of Mordor
May 2015|1876.91|94.49|+5.30%|4873|Middle-earth꞉ Shadow of Mordor
April 2015|1782.42|-231.13|-11.48%|7446|Middle-earth꞉ Shadow of Mordor
March 2015|2013.55|140.24|+7.49%|5866|Middle-earth꞉ Shadow of Mordor
February 2015|1873.31|-1951.22|-51.02%|4182|Middle-earth꞉ Shadow of Mordor
January 2015|3824.52|-235.84|-5.81%|11409|Middle-earth꞉ Shadow of Mordor
December 2014|4060.36|92.82|+2.34%|12933|Middle-earth꞉ Shadow of Mordor
November 2014|3967.55|-10502.06|-72.58%|9999|Middle-earth꞉ Shadow of Mordor
October 2014|14469.61|13929.23|+2577.66%|48518|Middle-earth꞉ Shadow of Mordor
September 2014|540.38|517.27|+2237.67%|33928|Middle-earth꞉ Shadow of Mordor
August 2014|23.12|-|-|67|Middle-earth꞉ Shadow of Mordor
March 2024|211.74|-22.99|-9.79%|402|Octopath Traveler
February 2024|234.73|-161.41|-40.75%|463|Octopath Traveler
January 2024|396.14|-12.21|-2.99%|874|Octopath Traveler
December 2023|408.35|192.50|+89.18%|888|Octopath Traveler
November 2023|215.85|-55.15|-20.35%|431|Octopath Traveler
October 2023|271.01|-59.40|-17.98%|631|Octopath Traveler
September 2023|330.4|-4.78|-1.43%|823|Octopath Traveler
August 2023|335.18|-320.22|-48.86%|713|Octopath Traveler
July 2023|655.4|371.83|+131.12%|1357|Octopath Traveler
June 2023|283.57|-245.10|-46.36%|596|Octopath Traveler
May 2023|528.67|-146.07|-21.65%|1365|Octopath Traveler
April 2023|674.74|-219.23|-24.52%|1696|Octopath Traveler
March 2023|893.98|265.35|+42.21%|2135|Octopath Traveler
February 2023|628.63|-200.95|-24.22%|1336|Octopath Traveler
January 2023|829.57|185.72|+28.85%|2085|Octopath Traveler
December 2022|643.85|355.15|+123.02%|1883|Octopath Traveler
November 2022|288.7|-211.98|-42.34%|574|Octopath Traveler
October 2022|500.68|-119.36|-19.25%|1336|Octopath Traveler
September 2022|620.04|333.84|+116.64%|1797|Octopath Traveler
August 2022|286.2|-110.00|-27.76%|546|Octopath Traveler
July 2022|396.2|107.02|+37.01%|768|Octopath Traveler
June 2022|289.18|-154.63|-34.84%|715|Octopath Traveler
May 2022|443.81|40.49|+10.04%|944|Octopath Traveler
April 2022|403.32|-43.28|-9.69%|1030|Octopath Traveler
March 2022|446.6|169.92|+61.41%|1466|Octopath Traveler
February 2022|276.68|-214.50|-43.67%|527|Octopath Traveler
January 2022|491.19|107.74|+28.10%|1136|Octopath Traveler
December 2021|383.45|120.09|+45.60%|1014|Octopath Traveler
November 2021|263.37|-355.44|-57.44%|543|Octopath Traveler
October 2021|618.81|346.31|+127.09%|1597|Octopath Traveler
September 2021|272.5|-89.14|-24.65%|632|Octopath Traveler
August 2021|361.64|-280.09|-43.65%|676|Octopath Traveler
July 2021|641.74|234.62|+57.63%|1521|Octopath Traveler
June 2021|407.12|-280.08|-40.76%|1209|Octopath Traveler
May 2021|687.2|54.70|+8.65%|1571|Octopath Traveler
April 2021|632.49|-96.94|-13.29%|1768|Octopath Traveler
March 2021|729.44|349.31|+91.89%|2553|Octopath Traveler
February 2021|380.13|-455.12|-54.49%|687|Octopath Traveler
January 2021|835.25|363.97|+77.23%|1981|Octopath Traveler
December 2020|471.29|-84.45|-15.20%|1613|Octopath Traveler
November 2020|555.74|61.75|+12.50%|1823|Octopath Traveler
October 2020|493.99|319.74|+183.50%|2287|Octopath Traveler
September 2020|174.24|-23.05|-11.68%|331|Octopath Traveler
August 2020|197.29|9.59|+5.11%|344|Octopath Traveler
July 2020|187.7|-43.72|-18.89%|330|Octopath Traveler
June 2020|231.43|-186.97|-44.69%|485|Octopath Traveler
May 2020|418.4|-730.37|-63.58%|933|Octopath Traveler
April 2020|1148.77|210.60|+22.45%|3746|Octopath Traveler
March 2020|938.18|616.21|+191.39%|3833|Octopath Traveler
February 2020|321.96|-245.07|-43.22%|693|Octopath Traveler
January 2020|567.04|165.27|+41.14%|1618|Octopath Traveler
December 2019|401.76|266.14|+196.23%|1690|Octopath Traveler
November 2019|135.63|-37.63|-21.72%|267|Octopath Traveler
October 2019|173.26|-115.72|-40.04%|389|Octopath Traveler
September 2019|288.97|-362.63|-55.65%|752|Octopath Traveler
August 2019|651.61|-1058.06|-61.89%|2034|Octopath Traveler
July 2019|1709.66|-460.69|-21.23%|5389|Octopath Traveler
June 2019|2170.35|-|-|6098|Octopath Traveler
March 2024|683.54|137.50|+25.18%|1181|OMORI
February 2024|546.04|-197.66|-26.58%|851|OMORI
January 2024|743.7|92.05|+14.13%|1324|OMORI
December 2023|651.65|97.78|+17.65%|1298|OMORI
November 2023|553.87|69.69|+14.39%|966|OMORI
October 2023|484.18|-12.70|-2.56%|871|OMORI
September 2023|496.88|-93.82|-15.88%|823|OMORI
August 2023|590.69|-251.04|-29.82%|852|OMORI
July 2023|841.73|285.12|+51.22%|1235|OMORI
June 2023|556.61|52.08|+10.32%|922|OMORI
May 2023|504.53|-120.66|-19.30%|791|OMORI
April 2023|625.19|-79.21|-11.24%|1103|OMORI
March 2023|704.4|-57.06|-7.49%|1277|OMORI
February 2023|761.46|-283.89|-27.16%|1271|OMORI
January 2023|1045.35|172.56|+19.77%|1841|OMORI
December 2022|872.79|164.70|+23.26%|1787|OMORI
November 2022|708.09|102.66|+16.96%|1244|OMORI
October 2022|605.44|-26.38|-4.18%|1148|OMORI
September 2022|631.82|-201.77|-24.21%|1066|OMORI
August 2022|833.59|-436.30|-34.36%|1273|OMORI
July 2022|1269.89|315.05|+32.99%|2030|OMORI
June 2022|954.84|219.32|+29.82%|1901|OMORI
May 2022|735.52|-111.58|-13.17%|1181|OMORI
April 2022|847.1|-99.57|-10.52%|1366|OMORI
March 2022|946.67|24.59|+2.67%|1877|OMORI
February 2022|922.08|-448.85|-32.74%|1446|OMORI
January 2022|1370.93|432.19|+46.04%|2356|OMORI
December 2021|938.74|435.23|+86.44%|2312|OMORI
November 2021|503.51|-10.40|-2.02%|926|OMORI
October 2021|513.91|-118.47|-18.73%|892|OMORI
September 2021|632.37|-236.70|-27.24%|1121|OMORI
August 2021|869.08|-300.87|-25.72%|1330|OMORI
July 2021|1169.94|157.00|+15.50%|1926|OMORI
June 2021|1012.94|90.57|+9.82%|1977|OMORI
May 2021|922.37|-75.33|-7.55%|1522|OMORI
April 2021|997.7|-110.93|-10.01%|1582|OMORI
March 2021|1108.63|-441.69|-28.49%|1854|OMORI
February 2021|1550.32|61.21|+4.11%|3107|OMORI
January 2021|1489.11|-461.33|-23.65%|2619|OMORI
December 2020|1950.43|-|-|2915|OMORI
March 2024|82587.89|50234.94|+155.27%|236614|Stardew Valley
February 2024|32352.95|-6729.78|-17.22%|60742|Stardew Valley
January 2024|39082.73|7133.94|+22.33%|58773|Stardew Valley
December 2023|31948.8|3234.07|+11.26%|53605|Stardew Valley
November 2023|28714.73|-841.63|-2.85%|46525|Stardew Valley
October 2023|29556.36|1791.85|+6.45%|48881|Stardew Valley
September 2023|27764.51|-6756.07|-19.57%|44391|Stardew Valley
August 2023|34520.58|-3048.00|-8.11%|53949|Stardew Valley
July 2023|37568.58|7706.54|+25.81%|53687|Stardew Valley
June 2023|29862.03|1759.24|+6.26%|45510|Stardew Valley
May 2023|28102.79|-4479.56|-13.75%|43446|Stardew Valley
April 2023|32582.35|-1316.66|-3.88%|50739|Stardew Valley
March 2023|33899.01|-2365.07|-6.52%|52043|Stardew Valley
February 2023|36264.07|-4686.39|-11.44%|56110|Stardew Valley
January 2023|40950.46|12553.99|+44.21%|59095|Stardew Valley
December 2022|28396.47|4500.51|+18.83%|48081|Stardew Valley
November 2022|23895.96|1232.49|+5.44%|37232|Stardew Valley
October 2022|22663.47|-2090.06|-8.44%|35033|Stardew Valley
September 2022|24753.54|-6648.71|-21.17%|38451|Stardew Valley
August 2022|31402.25|-7674.23|-19.64%|46813|Stardew Valley
July 2022|39076.48|7300.71|+22.98%|54288|Stardew Valley
June 2022|31775.77|3739.20|+13.34%|49366|Stardew Valley
May 2022|28036.57|1206.78|+4.50%|42786|Stardew Valley
April 2022|26829.8|978.58|+3.79%|40444|Stardew Valley
March 2022|25851.21|-2942.24|-10.22%|38568|Stardew Valley
February 2022|28793.45|-4828.12|-14.36%|44044|Stardew Valley
January 2022|33621.58|8669.86|+34.75%|48151|Stardew Valley
December 2021|24951.71|1745.53|+7.52%|39992|Stardew Valley
November 2021|23206.18|792.06|+3.53%|35441|Stardew Valley
October 2021|22414.12|-1906.76|-7.84%|35687|Stardew Valley
September 2021|24320.88|-6246.22|-20.43%|36516|Stardew Valley
August 2021|30567.1|2087.55|+7.33%|49612|Stardew Valley
July 2021|28479.55|6238.17|+28.05%|41572|Stardew Valley
June 2021|22241.37|-933.17|-4.03%|36513|Stardew Valley
May 2021|23174.54|-3998.04|-14.71%|35440|Stardew Valley
April 2021|27172.58|-6008.36|-18.11%|42500|Stardew Valley
March 2021|33180.94|-5123.75|-13.38%|51990|Stardew Valley
February 2021|38304.69|-18861.87|-32.99%|59709|Stardew Valley
January 2021|57166.55|27545.84|+93.00%|94479|Stardew Valley
December 2020|29620.71|15816.79|+114.58%|89311|Stardew Valley
November 2020|13803.92|1743.87|+14.46%|22453|Stardew Valley
October 2020|12060.05|-1449.28|-10.73%|18293|Stardew Valley
September 2020|13509.32|-3143.93|-18.88%|19609|Stardew Valley
August 2020|16653.25|-3302.06|-16.55%|23442|Stardew Valley
July 2020|19955.32|4745.95|+31.20%|28908|Stardew Valley
June 2020|15209.37|-5277.82|-25.76%|24618|Stardew Valley
May 2020|20487.19|-9463.98|-31.60%|31679|Stardew Valley
April 2020|29951.17|2563.11|+9.36%|44965|Stardew Valley
March 2020|27388.06|3690.90|+15.58%|45512|Stardew Valley
February 2020|23697.16|-659.06|-2.71%|33885|Stardew Valley
January 2020|24356.22|207.65|+0.86%|39046|Stardew Valley
December 2019|24148.56|13293.41|+122.46%|38024|Stardew Valley
November 2019|10855.15|1922.73|+21.53%|35053|Stardew Valley
October 2019|8932.42|-340.28|-3.67%|14194|Stardew Valley
September 2019|9272.7|-1745.90|-15.84%|14278|Stardew Valley
August 2019|11018.6|-4348.52|-28.30%|16327|Stardew Valley
July 2019|15367.12|3008.72|+24.35%|24919|Stardew Valley
June 2019|12358.4|-115.66|-0.93%|24769|Stardew Valley
May 2019|12474.06|-67.62|-0.54%|21404|Stardew Valley
April 2019|12541.68|-624.92|-4.75%|19916|Stardew Valley
March 2019|13166.6|442.22|+3.48%|19786|Stardew Valley
February 2019|12724.38|-2524.77|-16.56%|19330|Stardew Valley
January 2019|15249.15|4089.03|+36.64%|24470|Stardew Valley
December 2018|11160.12|1657.08|+17.44%|22842|Stardew Valley
November 2018|9503.04|-549.54|-5.47%|16133|Stardew Valley
October 2018|10052.58|-1712.88|-14.56%|16189|Stardew Valley
September 2018|11765.47|-5121.73|-30.33%|19826|Stardew Valley
August 2018|16887.2|303.06|+1.83%|27255|Stardew Valley
July 2018|16584.14|-778.28|-4.48%|24692|Stardew Valley
June 2018|17362.42|-10183.10|-36.97%|30055|Stardew Valley
May 2018|27545.52|20015.93|+265.83%|54212|Stardew Valley
April 2018|7529.59|-524.04|-6.51%|26926|Stardew Valley
March 2018|8053.63|-981.18|-10.86%|12668|Stardew Valley
February 2018|9034.82|-2672.27|-22.83%|14601|Stardew Valley
January 2018|11707.09|1882.99|+19.17%|20139|Stardew Valley
December 2017|9824.1|1147.60|+13.23%|18346|Stardew Valley
November 2017|8676.5|534.72|+6.57%|17839|Stardew Valley
October 2017|8141.78|1272.45|+18.52%|13654|Stardew Valley
September 2017|6869.32|-1978.22|-22.36%|10745|Stardew Valley
August 2017|8847.55|-6690.63|-43.06%|13774|Stardew Valley
July 2017|15538.17|6633.52|+74.50%|28122|Stardew Valley
June 2017|8904.65|1022.02|+12.97%|18718|Stardew Valley
May 2017|7882.63|229.07|+2.99%|11896|Stardew Valley
April 2017|7653.56|-2039.45|-21.04%|11538|Stardew Valley
March 2017|9693.01|-194.93|-1.97%|17295|Stardew Valley
February 2017|9887.94|-1910.91|-16.20%|17590|Stardew Valley
January 2017|11798.85|3822.87|+47.93%|24014|Stardew Valley
December 2016|7975.97|1097.03|+15.95%|18787|Stardew Valley
November 2016|6878.95|-2378.22|-25.69%|13674|Stardew Valley
October 2016|9257.17|4884.78|+111.72%|18675|Stardew Valley
September 2016|4372.38|-1135.27|-20.61%|7360|Stardew Valley
August 2016|5507.66|-3792.11|-40.78%|9367|Stardew Valley
July 2016|9299.77|1730.11|+22.86%|21032|Stardew Valley
June 2016|7569.66|-2084.83|-21.59%|18642|Stardew Valley
May 2016|9654.49|-10188.94|-51.35%|20528|Stardew Valley
April 2016|19843.44|-15104.02|-43.22%|43286|Stardew Valley
March 2016|34947.46|33352.74|+2091.45%|64256|Stardew Valley
February 2016|1594.72|1594.19|+300989.87%|24496|Stardew Valley
January 2016|0.53|-0.07|-11.91%|3|Stardew Valley
December 2015|0.6|-|-|3|Stardew Valley
March 2024|1908.25|-113.86|-5.63%|3499|The Elder Scrolls V꞉ Skyrim
February 2024|2022.11|-155.58|-7.14%|3737|The Elder Scrolls V꞉ Skyrim
January 2024|2177.69|98.66|+4.75%|3875|The Elder Scrolls V꞉ Skyrim
December 2023|2079.03|79.96|+4.00%|3628|The Elder Scrolls V꞉ Skyrim
November 2023|1999.07|-20.30|-1.01%|3635|The Elder Scrolls V꞉ Skyrim
October 2023|2019.37|-87.47|-4.15%|3637|The Elder Scrolls V꞉ Skyrim
September 2023|2106.85|-116.22|-5.23%|3707|The Elder Scrolls V꞉ Skyrim
August 2023|2223.06|-35.24|-1.56%|3876|The Elder Scrolls V꞉ Skyrim
July 2023|2258.3|-2.87|-0.13%|3915|The Elder Scrolls V꞉ Skyrim
June 2023|2261.17|-33.51|-1.46%|3854|The Elder Scrolls V꞉ Skyrim
May 2023|2294.68|-125.06|-5.17%|3932|The Elder Scrolls V꞉ Skyrim
April 2023|2419.74|-51.26|-2.07%|4296|The Elder Scrolls V꞉ Skyrim
March 2023|2471.0|-386.68|-13.53%|4500|The Elder Scrolls V꞉ Skyrim
February 2023|2857.68|-310.85|-9.81%|5229|The Elder Scrolls V꞉ Skyrim
January 2023|3168.53|43.25|+1.38%|5557|The Elder Scrolls V꞉ Skyrim
December 2022|3125.28|189.71|+6.46%|5215|The Elder Scrolls V꞉ Skyrim
November 2022|2935.57|75.82|+2.65%|5374|The Elder Scrolls V꞉ Skyrim
October 2022|2859.75|64.35|+2.30%|5004|The Elder Scrolls V꞉ Skyrim
September 2022|2795.4|-295.30|-9.55%|4994|The Elder Scrolls V꞉ Skyrim
August 2022|3090.71|19.60|+0.64%|5160|The Elder Scrolls V꞉ Skyrim
July 2022|3071.11|-234.22|-7.09%|4975|The Elder Scrolls V꞉ Skyrim
June 2022|3305.33|17.48|+0.53%|5715|The Elder Scrolls V꞉ Skyrim
May 2022|3287.85|-55.37|-1.66%|5626|The Elder Scrolls V꞉ Skyrim
April 2022|3343.22|-8.85|-0.26%|5938|The Elder Scrolls V꞉ Skyrim
March 2022|3352.07|-473.40|-12.37%|5964|The Elder Scrolls V꞉ Skyrim
February 2022|3825.47|-715.70|-15.76%|6813|The Elder Scrolls V꞉ Skyrim
January 2022|4541.17|12.31|+0.27%|7621|The Elder Scrolls V꞉ Skyrim
December 2021|4528.87|-139.48|-2.99%|7646|The Elder Scrolls V꞉ Skyrim
November 2021|4668.35|394.40|+9.23%|8317|The Elder Scrolls V꞉ Skyrim
October 2021|4273.95|-309.26|-6.75%|7356|The Elder Scrolls V꞉ Skyrim
September 2021|4583.21|-363.45|-7.35%|7793|The Elder Scrolls V꞉ Skyrim
August 2021|4946.66|251.40|+5.35%|8311|The Elder Scrolls V꞉ Skyrim
July 2021|4695.26|406.88|+9.49%|7592|The Elder Scrolls V꞉ Skyrim
June 2021|4288.38|-593.32|-12.15%|7043|The Elder Scrolls V꞉ Skyrim
May 2021|4881.7|-415.57|-7.85%|8498|The Elder Scrolls V꞉ Skyrim
April 2021|5297.27|-170.45|-3.12%|8979|The Elder Scrolls V꞉ Skyrim
March 2021|5467.72|-528.67|-8.82%|9661|The Elder Scrolls V꞉ Skyrim
February 2021|5996.39|-286.38|-4.56%|10565|The Elder Scrolls V꞉ Skyrim
January 2021|6282.77|483.59|+8.34%|10446|The Elder Scrolls V꞉ Skyrim
December 2020|5799.18|-366.68|-5.95%|9478|The Elder Scrolls V꞉ Skyrim
November 2020|6165.86|229.31|+3.86%|10453|The Elder Scrolls V꞉ Skyrim
October 2020|5936.55|-258.72|-4.18%|10084|The Elder Scrolls V꞉ Skyrim
September 2020|6195.27|-660.64|-9.64%|10280|The Elder Scrolls V꞉ Skyrim
August 2020|6855.91|-85.68|-1.23%|10891|The Elder Scrolls V꞉ Skyrim
July 2020|6941.59|-580.71|-7.72%|10899|The Elder Scrolls V꞉ Skyrim
June 2020|7522.3|-1143.13|-13.19%|12658|The Elder Scrolls V꞉ Skyrim
May 2020|8665.43|-1367.92|-13.63%|14753|The Elder Scrolls V꞉ Skyrim
April 2020|10033.35|1482.14|+17.33%|15975|The Elder Scrolls V꞉ Skyrim
March 2020|8551.21|842.99|+10.94%|16711|The Elder Scrolls V꞉ Skyrim
February 2020|7708.21|-503.24|-6.13%|13674|The Elder Scrolls V꞉ Skyrim
January 2020|8211.45|714.82|+9.54%|14280|The Elder Scrolls V꞉ Skyrim
December 2019|7496.63|333.24|+4.65%|12895|The Elder Scrolls V꞉ Skyrim
November 2019|7163.39|188.51|+2.70%|12631|The Elder Scrolls V꞉ Skyrim
October 2019|6974.88|-176.83|-2.47%|12307|The Elder Scrolls V꞉ Skyrim
September 2019|7151.71|-935.72|-11.57%|12652|The Elder Scrolls V꞉ Skyrim
August 2019|8087.43|55.29|+0.69%|13391|The Elder Scrolls V꞉ Skyrim
July 2019|8032.14|-982.63|-10.90%|13036|The Elder Scrolls V꞉ Skyrim
June 2019|9014.77|17.73|+0.20%|14834|The Elder Scrolls V꞉ Skyrim
May 2019|8997.04|-11.50|-0.13%|15807|The Elder Scrolls V꞉ Skyrim
April 2019|9008.53|-281.18|-3.03%|16520|The Elder Scrolls V꞉ Skyrim
March 2019|9289.71|-505.68|-5.16%|16266|The Elder Scrolls V꞉ Skyrim
February 2019|9795.39|-1223.94|-11.11%|18311|The Elder Scrolls V꞉ Skyrim
January 2019|11019.33|697.41|+6.76%|19014|The Elder Scrolls V꞉ Skyrim
December 2018|10321.92|471.06|+4.78%|17633|The Elder Scrolls V꞉ Skyrim
November 2018|9850.86|-410.60|-4.00%|17449|The Elder Scrolls V꞉ Skyrim
October 2018|10261.46|481.66|+4.93%|18762|The Elder Scrolls V꞉ Skyrim
September 2018|9779.81|-873.89|-8.20%|17617|The Elder Scrolls V꞉ Skyrim
August 2018|10653.69|-1198.78|-10.11%|17098|The Elder Scrolls V꞉ Skyrim
July 2018|11852.48|-530.25|-4.28%|18967|The Elder Scrolls V꞉ Skyrim
June 2018|12382.73|646.39|+5.51%|20681|The Elder Scrolls V꞉ Skyrim
May 2018|11736.33|-418.22|-3.44%|20037|The Elder Scrolls V꞉ Skyrim
April 2018|12154.55|-444.23|-3.53%|21667|The Elder Scrolls V꞉ Skyrim
March 2018|12598.79|-644.14|-4.86%|22391|The Elder Scrolls V꞉ Skyrim
February 2018|13242.92|-1602.06|-10.79%|24448|The Elder Scrolls V꞉ Skyrim
January 2018|14844.98|386.03|+2.67%|25431|The Elder Scrolls V꞉ Skyrim
December 2017|14458.95|1137.99|+8.54%|24980|The Elder Scrolls V꞉ Skyrim
November 2017|13320.96|-259.99|-1.91%|23544|The Elder Scrolls V꞉ Skyrim
October 2017|13580.95|-927.54|-6.39%|25353|The Elder Scrolls V꞉ Skyrim
September 2017|14508.49|-1767.25|-10.86%|26364|The Elder Scrolls V꞉ Skyrim
August 2017|16275.74|-354.92|-2.13%|26334|The Elder Scrolls V꞉ Skyrim
July 2017|16630.66|0.51|+0.00%|26705|The Elder Scrolls V꞉ Skyrim
June 2017|16630.14|1039.31|+6.67%|27568|The Elder Scrolls V꞉ Skyrim
May 2017|15590.83|-750.66|-4.59%|27799|The Elder Scrolls V꞉ Skyrim
April 2017|16341.49|-640.05|-3.77%|28616|The Elder Scrolls V꞉ Skyrim
March 2017|16981.54|-1960.53|-10.35%|31674|The Elder Scrolls V꞉ Skyrim
February 2017|18942.08|-2228.47|-10.53%|34531|The Elder Scrolls V꞉ Skyrim
January 2017|21170.55|-2660.55|-11.16%|36822|The Elder Scrolls V꞉ Skyrim
December 2016|23831.1|-4240.39|-15.11%|44326|The Elder Scrolls V꞉ Skyrim
November 2016|28071.49|4630.84|+19.76%|54307|The Elder Scrolls V꞉ Skyrim
October 2016|23440.65|2043.41|+9.55%|48680|The Elder Scrolls V꞉ Skyrim
September 2016|21397.24|-5049.11|-19.09%|38622|The Elder Scrolls V꞉ Skyrim
August 2016|26446.35|-1171.56|-4.24%|44855|The Elder Scrolls V꞉ Skyrim
July 2016|27617.91|1765.08|+6.83%|49134|The Elder Scrolls V꞉ Skyrim
June 2016|25852.82|3315.74|+14.71%|45124|The Elder Scrolls V꞉ Skyrim
May 2016|22537.08|-131.01|-0.58%|40764|The Elder Scrolls V꞉ Skyrim
April 2016|22668.09|-1423.92|-5.91%|41568|The Elder Scrolls V꞉ Skyrim
March 2016|24092.01|-2922.80|-10.82%|43840|The Elder Scrolls V꞉ Skyrim
February 2016|27014.8|-4253.33|-13.60%|48970|The Elder Scrolls V꞉ Skyrim
January 2016|31268.14|1570.55|+5.29%|60553|The Elder Scrolls V꞉ Skyrim
December 2015|29697.59|6121.38|+25.96%|53967|The Elder Scrolls V꞉ Skyrim
November 2015|23576.22|416.53|+1.80%|49640|The Elder Scrolls V꞉ Skyrim
October 2015|23159.69|1101.19|+4.99%|43501|The Elder Scrolls V꞉ Skyrim
September 2015|22058.5|-2792.63|-11.24%|39905|The Elder Scrolls V꞉ Skyrim
August 2015|24851.13|-1383.23|-5.27%|40060|The Elder Scrolls V꞉ Skyrim
July 2015|26234.36|-911.34|-3.36%|44516|The Elder Scrolls V꞉ Skyrim
June 2015|27145.7|-3189.97|-10.52%|47740|The Elder Scrolls V꞉ Skyrim
May 2015|30335.68|1380.51|+4.77%|62658|The Elder Scrolls V꞉ Skyrim
April 2015|28955.17|2623.03|+9.96%|90780|The Elder Scrolls V꞉ Skyrim
March 2015|26332.14|-2819.70|-9.67%|51015|The Elder Scrolls V꞉ Skyrim
February 2015|29151.84|-6056.39|-17.20%|56609|The Elder Scrolls V꞉ Skyrim
January 2015|35208.23|3453.52|+10.88%|69249|The Elder Scrolls V꞉ Skyrim
December 2014|31754.71|6430.54|+25.39%|61315|The Elder Scrolls V꞉ Skyrim
November 2014|25324.17|-92.31|-0.36%|47190|The Elder Scrolls V꞉ Skyrim
October 2014|25416.47|-4303.35|-14.48%|49175|The Elder Scrolls V꞉ Skyrim
September 2014|29719.83|124.92|+0.42%|69218|The Elder Scrolls V꞉ Skyrim
August 2014|29594.91|-5593.78|-15.90%|49658|The Elder Scrolls V꞉ Skyrim
July 2014|35188.68|6921.32|+24.49%|60211|The Elder Scrolls V꞉ Skyrim
June 2014|28267.36|5365.37|+23.43%|64627|The Elder Scrolls V꞉ Skyrim
May 2014|22901.99|-286.74|-1.24%|43799|The Elder Scrolls V꞉ Skyrim
April 2014|23188.74|-1366.09|-5.56%|44749|The Elder Scrolls V꞉ Skyrim
March 2014|24554.82|-6911.64|-21.97%|47498|The Elder Scrolls V꞉ Skyrim
February 2014|31466.46|-7699.32|-19.66%|61572|The Elder Scrolls V꞉ Skyrim
January 2014|39165.78|1947.47|+5.23%|78420|The Elder Scrolls V꞉ Skyrim
December 2013|37218.31|13179.90|+54.83%|76034|The Elder Scrolls V꞉ Skyrim
November 2013|24038.41|2826.42|+13.32%|66295|The Elder Scrolls V꞉ Skyrim
October 2013|21211.98|-1971.80|-8.51%|40681|The Elder Scrolls V꞉ Skyrim
September 2013|23183.79|-4778.23|-17.09%|45287|The Elder Scrolls V꞉ Skyrim
August 2013|27962.01|2368.05|+9.25%|53411|The Elder Scrolls V꞉ Skyrim
July 2013|25593.96|3422.39|+15.44%|47426|The Elder Scrolls V꞉ Skyrim
June 2013|22171.58|1861.02|+9.16%|38785|The Elder Scrolls V꞉ Skyrim
May 2013|20310.56|-434.06|-2.09%|37327|The Elder Scrolls V꞉ Skyrim
April 2013|20744.61|-2881.46|-12.20%|40688|The Elder Scrolls V꞉ Skyrim
March 2013|23626.07|-8485.26|-26.42%|48233|The Elder Scrolls V꞉ Skyrim
February 2013|32111.33|2922.78|+10.01%|67911|The Elder Scrolls V꞉ Skyrim
January 2013|29188.55|3568.14|+13.93%|54570|The Elder Scrolls V꞉ Skyrim
December 2012|25620.41|3561.48|+16.15%|52804|The Elder Scrolls V꞉ Skyrim
November 2012|22058.93|1780.14|+8.78%|46165|The Elder Scrolls V꞉ Skyrim
October 2012|20278.78|693.40|+3.54%|41939|The Elder Scrolls V꞉ Skyrim
September 2012|19585.39|-8320.02|-29.82%|38557|The Elder Scrolls V꞉ Skyrim
August 2012|27905.4|3651.31|+15.05%|55230|The Elder Scrolls V꞉ Skyrim
July 2012|24254.09|-|-|39658|The Elder Scrolls V꞉ Skyrim
March 2024|952.79|204.96|+27.41%|1944|Undertale
February 2024|747.83|-286.87|-27.72%|1192|Undertale
January 2024|1034.7|66.13|+6.83%|2033|Undertale
December 2023|968.57|179.98|+22.82%|2035|Undertale
November 2023|788.59|0.24|+0.03%|1864|Undertale
October 2023|788.35|-53.54|-6.36%|1550|Undertale
September 2023|841.89|-247.47|-22.72%|1495|Undertale
August 2023|1089.37|-176.46|-13.94%|2010|Undertale
July 2023|1265.82|593.46|+88.26%|2068|Undertale
June 2023|672.37|32.49|+5.08%|1488|Undertale
May 2023|639.88|-152.74|-19.27%|1174|Undertale
April 2023|792.61|-123.64|-13.49%|1448|Undertale
March 2023|916.26|201.34|+28.16%|2190|Undertale
February 2023|714.92|-122.05|-14.58%|1178|Undertale
January 2023|836.97|226.79|+37.17%|1529|Undertale
December 2022|610.18|52.19|+9.35%|1031|Undertale
November 2022|557.99|-58.20|-9.44%|962|Undertale
October 2022|616.18|-1.38|-0.22%|1017|Undertale
September 2022|617.56|-20.22|-3.17%|1049|Undertale
August 2022|637.78|-40.47|-5.97%|886|Undertale
July 2022|678.25|-30.48|-4.30%|893|Undertale
June 2022|708.73|48.08|+7.28%|1046|Undertale
May 2022|660.65|-12.42|-1.84%|1049|Undertale
April 2022|673.06|-2.57|-0.38%|1082|Undertale
March 2022|675.64|-221.72|-24.71%|1095|Undertale
February 2022|897.36|-234.90|-20.75%|1543|Undertale
January 2022|1132.26|170.39|+17.71%|2075|Undertale
December 2021|961.87|175.95|+22.39%|2097|Undertale
November 2021|785.92|-322.48|-29.09%|1361|Undertale
October 2021|1108.4|131.09|+13.41%|2121|Undertale
September 2021|977.31|125.20|+14.69%|1983|Undertale
August 2021|852.11|-351.78|-29.22%|1150|Undertale
July 2021|1203.9|301.09|+33.35%|2263|Undertale
June 2021|902.81|161.07|+21.72%|2496|Undertale
May 2021|741.73|-47.92|-6.07%|1159|Undertale
April 2021|789.66|-126.43|-13.80%|1244|Undertale
March 2021|916.08|-194.87|-17.54%|1463|Undertale
February 2021|1110.95|-292.91|-20.86%|1544|Undertale
January 2021|1403.86|355.45|+33.90%|2682|Undertale
December 2020|1048.41|224.22|+27.20%|2426|Undertale
November 2020|824.19|-19.52|-2.31%|1225|Undertale
October 2020|843.71|-36.29|-4.12%|1422|Undertale
September 2020|880.0|-86.88|-8.99%|1462|Undertale
August 2020|966.88|-403.08|-29.42%|1255|Undertale
July 2020|1369.96|390.97|+39.94%|2221|Undertale
June 2020|979.0|56.32|+6.10%|2060|Undertale
May 2020|922.68|-145.85|-13.65%|1213|Undertale
April 2020|1068.53|89.34|+9.12%|1562|Undertale
March 2020|979.18|107.98|+12.39%|1422|Undertale
February 2020|871.21|-90.36|-9.40%|1303|Undertale
January 2020|961.57|-28.36|-2.86%|1754|Undertale
December 2019|989.93|256.59|+34.99%|1775|Undertale
November 2019|733.33|23.98|+3.38%|1560|Undertale
October 2019|709.36|1.08|+0.15%|1264|Undertale
September 2019|708.28|81.68|+13.03%|1345|Undertale
August 2019|626.6|-233.89|-27.18%|919|Undertale
July 2019|860.49|77.63|+9.92%|1475|Undertale
June 2019|782.86|155.60|+24.81%|1594|Undertale
May 2019|627.26|-24.65|-3.78%|1143|Undertale
April 2019|651.9|-152.53|-18.96%|1196|Undertale
March 2019|804.44|-131.34|-14.04%|1533|Undertale
February 2019|935.78|-169.72|-15.35%|1809|Undertale
January 2019|1105.5|-260.61|-19.08%|2412|Undertale
December 2018|1366.11|-270.77|-16.54%|2645|Undertale
November 2018|1636.88|816.39|+99.50%|3055|Undertale
October 2018|820.5|-50.73|-5.82%|1441|Undertale
September 2018|871.23|84.18|+10.70%|1793|Undertale
August 2018|787.06|-176.54|-18.32%|1135|Undertale
July 2018|963.6|71.46|+8.01%|1496|Undertale
June 2018|892.14|154.02|+20.87%|1708|Undertale
May 2018|738.12|-105.77|-12.53%|1262|Undertale
April 2018|843.89|-151.16|-15.19%|1429|Undertale
March 2018|995.06|-79.79|-7.42%|1653|Undertale
February 2018|1074.84|-220.35|-17.01%|1963|Undertale
January 2018|1295.19|121.24|+10.33%|2689|Undertale
December 2017|1173.95|75.82|+6.90%|2255|Undertale
November 2017|1098.12|93.26|+9.28%|2071|Undertale
October 2017|1004.87|-40.76|-3.90%|2234|Undertale
September 2017|1045.63|-150.75|-12.60%|1935|Undertale
August 2017|1196.38|-25.97|-2.12%|2082|Undertale
July 2017|1222.35|-19.77|-1.59%|1777|Undertale
June 2017|1242.12|85.27|+7.37%|1908|Undertale
May 2017|1156.85|-109.61|-8.65%|2270|Undertale
April 2017|1266.45|-204.85|-13.92%|2344|Undertale
March 2017|1471.3|-401.25|-21.43%|2996|Undertale
February 2017|1872.55|-306.93|-14.08%|3585|Undertale
January 2017|2179.48|449.30|+25.97%|4391|Undertale
December 2016|1730.18|270.30|+18.51%|4635|Undertale
November 2016|1459.88|53.56|+3.81%|3536|Undertale
October 2016|1406.32|-148.63|-9.56%|2758|Undertale
September 2016|1554.96|-302.61|-16.29%|3008|Undertale
August 2016|1857.56|-970.55|-34.32%|2932|Undertale
July 2016|2828.11|322.38|+12.87%|5023|Undertale
June 2016|2505.73|24.22|+0.98%|4746|Undertale
May 2016|2481.51|-243.50|-8.94%|4531|Undertale
April 2016|2725.01|-537.64|-16.48%|5268|Undertale
March 2016|3262.65|-1375.32|-29.65%|6106|Undertale
February 2016|4637.97|-335.53|-6.75%|8996|Undertale
January 2016|4973.5|1001.80|+25.22%|10263|Undertale
December 2015|3971.7|475.96|+13.62%|10462|Undertale
November 2015|3495.74|779.62|+28.70%|7483|Undertale
October 2015|2716.12|1960.30|+259.36%|6149|Undertale
September 2015|755.82|-|-|2358|Undertale
