Month|Avg. Players|Gain|% Gain|Peak Players|Source File
February 2024 |46.1|-9.9|-17.66|152|BioShock
January 2024 |56.0|12.2|27.78|126|BioShock
December 2023 |43.8|-8.1|-15.52|99|BioShock
November 2023 |51.9|9.9|23.47|117|BioShock
October 2023 |42.0|0.6|1.48|127|BioShock
September 2023 |41.4|2.2|5.56|122|BioShock
August 2023 |39.2|-13.8|-26.08|88|BioShock
July 2023 |53.1|6.4|13.75|108|BioShock
June 2023 |46.6|2.7|6.05|97|BioShock
May 2023 |44.0|-14.0|-24.1|87|BioShock
April 2023 |58.0|3.1|5.71|131|BioShock
March 2023 |54.8|-5.8|-9.52|132|BioShock
February 2023 |60.6|1.5|2.59|159|BioShock
January 2023 |59.1|9.2|18.37|135|BioShock
December 2022 |49.9|-0.8|-1.56|99|BioShock
November 2022 |50.7|7.8|18.09|107|BioShock
October 2022 |42.9|-4.6|-9.71|106|BioShock
September 2022 |47.5|-10.1|-17.55|98|BioShock
August 2022 |57.7|4.1|7.71|129|BioShock
July 2022 |53.5|-4.4|-7.66|120|BioShock
June 2022 |58.0|-8.8|-13.11|118|BioShock
May 2022 |66.7|9.3|16.17|134|BioShock
April 2022 |57.4|-11.6|-16.84|129|BioShock
March 2022 |69.1|-20.9|-23.2|140|BioShock
February 2022 |89.9|-12.1|-11.85|186|BioShock
January 2022 |102.0|30.8|43.28|220|BioShock
December 2021 |71.2|-9.9|-12.18|144|BioShock
November 2021 |81.1|22.1|37.46|184|BioShock
October 2021 |59.0|-46.6|-44.15|118|BioShock
September 2021 |105.6|43.7|70.65|265|BioShock
August 2021 |61.9|-42.1|-40.51|140|BioShock
July 2021 |104.0|38.3|58.24|201|BioShock
June 2021 |65.7|-34.3|-34.28|140|BioShock
May 2021 |100.0|39.4|65.0|217|BioShock
April 2021 |60.6|-54.5|-47.33|134|BioShock
March 2021 |115.1|-5.5|-4.56|265|BioShock
February 2021 |120.6|43.9|57.14|310|BioShock
January 2021 |76.8|-6.6|-7.96|188|BioShock
December 2020 |83.4|12.6|17.87|174|BioShock
November 2020 |70.8|-16.2|-18.64|183|BioShock
October 2020 |87.0|26.5|43.86|184|BioShock
September 2020 |60.5|-29.9|-33.12|121|BioShock
August 2020 |90.4|-42.6|-32.06|199|BioShock
July 2020 |133.0|54.4|69.27|239|BioShock
June 2020 |78.6|7.0|9.78|241|BioShock
May 2020 |71.6|-21.2|-22.84|135|BioShock
April 2020 |92.8|-31.5|-25.33|183|BioShock
March 2020 |124.3|51.7|71.32|380|BioShock
February 2020 |72.5|0.1|0.18|173|BioShock
January 2020 |72.4|-6.0|-7.62|173|BioShock
December 2019 |78.4|0.3|0.35|177|BioShock
November 2019 |78.1|37.1|90.49|200|BioShock
October 2019 |41.0|-23.4|-36.34|83|BioShock
September 2019 |64.4|16.7|34.98|158|BioShock
August 2019 |47.7|-22.8|-32.37|97|BioShock
July 2019 |70.5|-14.5|-17.02|152|BioShock
June 2019 |85.0|27.5|47.84|192|BioShock
May 2019 |57.5|7.4|14.69|174|BioShock
April 2019 |50.1|-26.5|-34.57|118|BioShock
March 2019 |76.7|-21.7|-22.07|183|BioShock
February 2019 |98.4|23.4|31.23|304|BioShock
January 2019 |75.0|0.6|0.81|207|BioShock
December 2018 |74.3|2.4|3.32|168|BioShock
November 2018 |72.0|23.5|48.6|187|BioShock
October 2018 |48.4|-15.4|-24.14|145|BioShock
September 2018 |63.8|-12.7|-16.54|152|BioShock
August 2018 |76.5|-12.3|-13.84|214|BioShock
July 2018 |88.8|13.7|18.22|206|BioShock
June 2018 |75.1|14.7|24.4|182|BioShock
May 2018 |60.4|-20.3|-25.2|125|BioShock
April 2018 |80.7|-29.9|-27.02|245|BioShock
March 2018 |110.6|43.1|63.76|313|BioShock
February 2018 |67.5|-15.6|-18.78|149|BioShock
January 2018 |83.2|-0.8|-0.91|196|BioShock
December 2017 |83.9|2.4|2.94|180|BioShock
November 2017 |81.5|7.7|10.37|179|BioShock
October 2017 |73.9|-13.3|-15.29|188|BioShock
September 2017 |87.2|-14.3|-14.09|192|BioShock
August 2017 |101.5|-19.2|-15.92|280|BioShock
July 2017 |120.7|20.8|20.78|293|BioShock
June 2017 |100.0|17.4|21.07|283|BioShock
May 2017 |82.6|-7.4|-8.26|171|BioShock
April 2017 |90.0|-46.6|-34.12|209|BioShock
March 2017 |136.6|44.7|48.7|507|BioShock
February 2017 |91.9|-7.2|-7.3|198|BioShock
January 2017 |99.1|-6.2|-5.86|211|BioShock
December 2016 |105.3|-8.4|-7.36|213|BioShock
November 2016 |113.6|-33.8|-22.93|234|BioShock
October 2016 |147.4|-111.3|-43.02|404|BioShock
September 2016 |258.8|-31.2|-10.76|571|BioShock
August 2016 |290.0|-336.2|-53.69|516|BioShock
July 2016 |626.1|269.8|75.7|2298|BioShock
June 2016 |356.4|119.5|50.44|1283|BioShock
May 2016 |236.9|-2.5|-1.05|476|BioShock
April 2016 |239.4|-48.7|-16.9|472|BioShock
March 2016 |288.1|-271.2|-48.49|605|BioShock
February 2016 |559.3|54.4|10.77|1533|BioShock
January 2016 |504.9|-3.3|-0.65|1933|BioShock
December 2015 |508.2|37.0|7.85|1357|BioShock
November 2015 |471.2|208.0|79.04|1616|BioShock
October 2015 |263.2|10.2|4.02|1241|BioShock
September 2015 |253.0|-188.6|-42.7|544|BioShock
August 2015 |441.6|71.5|19.31|1499|BioShock
July 2015 |370.1|-233.7|-38.7|808|BioShock
June 2015 |603.8|352.8|140.58|2086|BioShock
May 2015 |251.0|-86.3|-25.6|507|BioShock
April 2015 |337.3|-186.8|-35.64|835|BioShock
March 2015 |524.1|254.9|94.71|2497|BioShock
February 2015 |269.2|-140.3|-34.26|558|BioShock
January 2015 |409.5|-73.3|-15.18|1210|BioShock
December 2014 |482.8|71.4|17.35|1454|BioShock
November 2014 |411.4|127.8|45.07|1313|BioShock
October 2014 |283.6|-110.1|-27.97|1157|BioShock
September 2014 |393.7|-253.8|-39.19|1092|BioShock
August 2014 |647.5|-85.8|-11.7|2625|BioShock
July 2014 |733.3|248.6|51.3|1632|BioShock
June 2014 |484.7|-6.2|-1.27|1711|BioShock
May 2014 |490.9|224.4|84.23|2171|BioShock
April 2014 |266.4|32.1|13.68|643|BioShock
March 2014 |234.4|-30.2|-11.43|695|BioShock
February 2014 |264.6|-286.8|-52.01|591|BioShock
January 2014 |551.4|-55.1|-9.09|1774|BioShock
December 2013 |606.5|310.2|104.69|1985|BioShock
November 2013 |296.3|16.9|6.04|721|BioShock
October 2013 |279.4|78.5|39.08|1211|BioShock
September 2013 |200.9|-72.2|-26.44|481|BioShock
August 2013 |273.1|-143.8|-34.49|643|BioShock
July 2013 |417.0|216.8|108.33|1405|BioShock
June 2013 |200.2|-76.5|-27.66|479|BioShock
May 2013 |276.7|-321.3|-53.73|558|BioShock
April 2013 |598.0|-42.6|-6.65|1677|BioShock
March 2013 |640.6|396.2|162.13|2035|BioShock
February 2013 |244.4|-118.9|-32.73|747|BioShock
January 2013 |363.3|68.1|23.05|1283|BioShock
December 2012 |295.2|16.5|5.93|1424|BioShock
November 2012 |278.7|152.9|121.55|1055|BioShock
October 2012 |125.8|18.4|17.12|855|BioShock
September 2012 |107.4|-66.4|-38.2|250|BioShock
August 2012 |173.8|-285.4|-62.15|370|BioShock
February 2024 |46.1|-9.9|-17.66|152|BioShock2
January 2024 |56.0|12.2|27.78|126|BioShock2
December 2023 |43.8|-8.1|-15.52|99|BioShock2
November 2023 |51.9|9.9|23.47|117|BioShock2
October 2023 |42.0|0.6|1.48|127|BioShock2
September 2023 |41.4|2.2|5.56|122|BioShock2
August 2023 |39.2|-13.8|-26.08|88|BioShock2
July 2023 |53.1|6.4|13.75|108|BioShock2
June 2023 |46.6|2.7|6.05|97|BioShock2
May 2023 |44.0|-14.0|-24.1|87|BioShock2
April 2023 |58.0|3.1|5.71|131|BioShock2
March 2023 |54.8|-5.8|-9.52|132|BioShock2
February 2023 |60.6|1.5|2.59|159|BioShock2
January 2023 |59.1|9.2|18.37|135|BioShock2
December 2022 |49.9|-0.8|-1.56|99|BioShock2
November 2022 |50.7|7.8|18.09|107|BioShock2
October 2022 |42.9|-4.6|-9.71|106|BioShock2
September 2022 |47.5|-10.1|-17.55|98|BioShock2
August 2022 |57.7|4.1|7.71|129|BioShock2
July 2022 |53.5|-4.4|-7.66|120|BioShock2
June 2022 |58.0|-8.8|-13.11|118|BioShock2
May 2022 |66.7|9.3|16.17|134|BioShock2
April 2022 |57.4|-11.6|-16.84|129|BioShock2
March 2022 |69.1|-20.9|-23.2|140|BioShock2
February 2022 |89.9|-12.1|-11.85|186|BioShock2
January 2022 |102.0|30.8|43.28|220|BioShock2
December 2021 |71.2|-9.9|-12.18|144|BioShock2
November 2021 |81.1|22.1|37.46|184|BioShock2
October 2021 |59.0|-46.6|-44.15|118|BioShock2
September 2021 |105.6|43.7|70.65|265|BioShock2
August 2021 |61.9|-42.1|-40.51|140|BioShock2
July 2021 |104.0|38.3|58.24|201|BioShock2
June 2021 |65.7|-34.3|-34.28|140|BioShock2
May 2021 |100.0|39.4|65.0|217|BioShock2
April 2021 |60.6|-54.5|-47.33|134|BioShock2
March 2021 |115.1|-5.5|-4.56|265|BioShock2
February 2021 |120.6|43.9|57.14|310|BioShock2
January 2021 |76.8|-6.6|-7.96|188|BioShock2
December 2020 |83.4|12.6|17.87|174|BioShock2
November 2020 |70.8|-16.2|-18.64|183|BioShock2
October 2020 |87.0|26.5|43.86|184|BioShock2
September 2020 |60.5|-29.9|-33.12|121|BioShock2
August 2020 |90.4|-42.6|-32.06|199|BioShock2
July 2020 |133.0|54.4|69.27|239|BioShock2
June 2020 |78.6|7.0|9.78|241|BioShock2
May 2020 |71.6|-21.2|-22.84|135|BioShock2
April 2020 |92.8|-31.5|-25.33|183|BioShock2
March 2020 |124.3|51.7|71.32|380|BioShock2
February 2020 |72.5|0.1|0.18|173|BioShock2
January 2020 |72.4|-6.0|-7.62|173|BioShock2
December 2019 |78.4|0.3|0.35|177|BioShock2
November 2019 |78.1|37.1|90.49|200|BioShock2
October 2019 |41.0|-23.4|-36.34|83|BioShock2
September 2019 |64.4|16.7|34.98|158|BioShock2
August 2019 |47.7|-22.8|-32.37|97|BioShock2
July 2019 |70.5|-14.5|-17.02|152|BioShock2
June 2019 |85.0|27.5|47.84|192|BioShock2
May 2019 |57.5|7.4|14.69|174|BioShock2
April 2019 |50.1|-26.5|-34.57|118|BioShock2
March 2019 |76.7|-21.7|-22.07|183|BioShock2
February 2019 |98.4|23.4|31.23|304|BioShock2
January 2019 |75.0|0.6|0.81|207|BioShock2
December 2018 |74.3|2.4|3.32|168|BioShock2
November 2018 |72.0|23.5|48.6|187|BioShock2
October 2018 |48.4|-15.4|-24.14|145|BioShock2
September 2018 |63.8|-12.7|-16.54|152|BioShock2
August 2018 |76.5|-12.3|-13.84|214|BioShock2
July 2018 |88.8|13.7|18.22|206|BioShock2
June 2018 |75.1|14.7|24.4|182|BioShock2
May 2018 |60.4|-20.3|-25.2|125|BioShock2
April 2018 |80.7|-29.9|-27.02|245|BioShock2
March 2018 |110.6|43.1|63.76|313|BioShock2
February 2018 |67.5|-15.6|-18.78|149|BioShock2
January 2018 |83.2|-0.8|-0.91|196|BioShock2
December 2017 |83.9|2.4|2.94|180|BioShock2
November 2017 |81.5|7.7|10.37|179|BioShock2
October 2017 |73.9|-13.3|-15.29|188|BioShock2
September 2017 |87.2|-14.3|-14.09|192|BioShock2
August 2017 |101.5|-19.2|-15.92|280|BioShock2
July 2017 |120.7|20.8|20.78|293|BioShock2
June 2017 |100.0|17.4|21.07|283|BioShock2
May 2017 |82.6|-7.4|-8.26|171|BioShock2
April 2017 |90.0|-46.6|-34.12|209|BioShock2
March 2017 |136.6|44.7|48.7|507|BioShock2
February 2017 |91.9|-7.2|-7.3|198|BioShock2
January 2017 |99.1|-6.2|-5.86|211|BioShock2
December 2016 |105.3|-8.4|-7.36|213|BioShock2
November 2016 |113.6|-33.8|-22.93|234|BioShock2
October 2016 |147.4|-111.3|-43.02|404|BioShock2
September 2016 |258.8|-31.2|-10.76|571|BioShock2
August 2016 |290.0|-336.2|-53.69|516|BioShock2
July 2016 |626.1|269.8|75.7|2298|BioShock2
June 2016 |356.4|119.5|50.44|1283|BioShock2
May 2016 |236.9|-2.5|-1.05|476|BioShock2
April 2016 |239.4|-48.7|-16.9|472|BioShock2
March 2016 |288.1|-271.2|-48.49|605|BioShock2
February 2016 |559.3|54.4|10.77|1533|BioShock2
January 2016 |504.9|-3.3|-0.65|1933|BioShock2
December 2015 |508.2|37.0|7.85|1357|BioShock2
November 2015 |471.2|208.0|79.04|1616|BioShock2
October 2015 |263.2|10.2|4.02|1241|BioShock2
September 2015 |253.0|-188.6|-42.7|544|BioShock2
August 2015 |441.6|71.5|19.31|1499|BioShock2
July 2015 |370.1|-233.7|-38.7|808|BioShock2
June 2015 |603.8|352.8|140.58|2086|BioShock2
May 2015 |251.0|-86.3|-25.6|507|BioShock2
April 2015 |337.3|-186.8|-35.64|835|BioShock2
March 2015 |524.1|254.9|94.71|2497|BioShock2
February 2015 |269.2|-140.3|-34.26|558|BioShock2
January 2015 |409.5|-73.3|-15.18|1210|BioShock2
December 2014 |482.8|71.4|17.35|1454|BioShock2
November 2014 |411.4|127.8|45.07|1313|BioShock2
October 2014 |283.6|-110.1|-27.97|1157|BioShock2
September 2014 |393.7|-253.8|-39.19|1092|BioShock2
August 2014 |647.5|-85.8|-11.7|2625|BioShock2
July 2014 |733.3|248.6|51.3|1632|BioShock2
June 2014 |484.7|-6.2|-1.27|1711|BioShock2
May 2014 |490.9|224.4|84.23|2171|BioShock2
April 2014 |266.4|32.1|13.68|643|BioShock2
March 2014 |234.4|-30.2|-11.43|695|BioShock2
February 2014 |264.6|-286.8|-52.01|591|BioShock2
January 2014 |551.4|-55.1|-9.09|1774|BioShock2
December 2013 |606.5|310.2|104.69|1985|BioShock2
November 2013 |296.3|16.9|6.04|721|BioShock2
October 2013 |279.4|78.5|39.08|1211|BioShock2
September 2013 |200.9|-72.2|-26.44|481|BioShock2
August 2013 |273.1|-143.8|-34.49|643|BioShock2
July 2013 |417.0|216.8|108.33|1405|BioShock2
June 2013 |200.2|-76.5|-27.66|479|BioShock2
May 2013 |276.7|-321.3|-53.73|558|BioShock2
April 2013 |598.0|-42.6|-6.65|1677|BioShock2
March 2013 |640.6|396.2|162.13|2035|BioShock2
February 2013 |244.4|-118.9|-32.73|747|BioShock2
January 2013 |363.3|68.1|23.05|1283|BioShock2
December 2012 |295.2|16.5|5.93|1424|BioShock2
November 2012 |278.7|152.9|121.55|1055|BioShock2
October 2012 |125.8|18.4|17.12|855|BioShock2
September 2012 |107.4|-66.4|-38.2|250|BioShock2
August 2012 |173.8|-285.4|-62.15|370|BioShock2
February 2024|2643.0|123.1|4.89|6179|Borderlands2
January 2024|2519.9|189.8|8.14|4399|Borderlands2
December 2023|2330.1|130.0|5.91|4051|Borderlands2
November 2023|2200.1|-464.9|-17.44|3899|Borderlands2
October 2023|2664.9|178.1|7.16|4762|Borderlands2
September 2023|2486.9|-77.0|-3.0|4290|Borderlands2
August 2023|2563.9|-705.7|-21.58|4385|Borderlands2
July 2023|3269.7|519.5|18.89|5252|Borderlands2
June 2023|2750.2|-29.7|-1.07|4775|Borderlands2
May 2023|2779.9|-325.4|-10.48|4994|Borderlands2
April 2023|3105.3|29.8|0.97|5193|Borderlands2
March 2023|3075.5|68.4|2.27|5407|Borderlands2
February 2023|3007.1|-211.3|-6.57|5312|Borderlands2
January 2023|3218.4|600.3|22.93|5271|Borderlands2
December 2022|2618.2|67.5|2.64|4169|Borderlands2
November 2022|2550.7|3.0|0.12|4355|Borderlands2
October 2022|2547.7|-59.9|-2.3|4301|Borderlands2
September 2022|2607.6|-134.8|-4.92|4338|Borderlands2
August 2022|2742.4|-735.4|-21.15|4442|Borderlands2
July 2022|3477.8|-22.1|-0.63|5499|Borderlands2
June 2022|3499.9|112.7|3.33|5977|Borderlands2
May 2022|3387.3|-170.7|-4.8|6401|Borderlands2
April 2022|3557.9|724.6|25.58|5657|Borderlands2
March 2022|2833.3|-763.7|-21.23|4648|Borderlands2
February 2022|3597.0|339.6|10.43|6246|Borderlands2
January 2022|3257.4|-73.4|-2.2|5266|Borderlands2
December 2021|3330.8|-0.1|-0.0|4952|Borderlands2
November 2021|3330.8|-298.8|-8.23|5305|Borderlands2
October 2021|3629.6|589.1|19.38|5776|Borderlands2
September 2021|3040.5|-432.9|-12.46|5515|Borderlands2
August 2021|3473.4|491.6|16.49|5066|Borderlands2
July 2021|2981.8|-590.9|-16.54|4923|Borderlands2
June 2021|3572.7|781.1|27.98|5663|Borderlands2
May 2021|2791.6|-348.4|-11.1|4896|Borderlands2
April 2021|3140.0|-301.1|-8.75|5711|Borderlands2
March 2021|3441.1|-924.2|-21.17|6516|Borderlands2
February 2021|4365.3|795.1|22.27|7971|Borderlands2
January 2021|3570.2|4.3|0.12|6809|Borderlands2
December 2020|3565.9|816.4|29.69|6227|Borderlands2
November 2020|2749.5|285.0|11.56|5798|Borderlands2
October 2020|2464.5|-632.2|-20.41|4172|Borderlands2
September 2020|3096.7|-449.6|-12.68|5081|Borderlands2
August 2020|3546.3|10.1|0.29|5513|Borderlands2
July 2020|3536.2|-1013.6|-22.28|5711|Borderlands2
June 2020|4549.8|-1073.1|-19.08|8398|Borderlands2
May 2020|5623.0|17.4|0.31|10516|Borderlands2
April 2020|5605.5|87.1|1.58|9866|Borderlands2
March 2020|5518.4|1374.2|33.16|9735|Borderlands2
February 2020|4144.2|-277.1|-6.27|6709|Borderlands2
January 2020|4421.3|229.2|5.47|7021|Borderlands2
December 2019|4192.1|-83.3|-1.95|7177|Borderlands2
November 2019|4275.4|-2898.7|-40.4|7649|Borderlands2
October 2019|7174.1|-3682.9|-33.92|19282|Borderlands2
September 2019|10857.1|-1354.9|-11.09|19528|Borderlands2
August 2019|12212.0|-7487.2|-38.01|20265|Borderlands2
July 2019|19699.2|-15133.0|-43.45|42052|Borderlands2
June 2019|34832.2|21384.2|159.01|80287|Borderlands2
May 2019|13448.0|-11069.6|-45.15|28233|Borderlands2
April 2019|24517.6|14667.6|148.91|59333|Borderlands2
March 2019|9850.0|1136.3|13.04|44256|Borderlands2
February 2019|8713.8|328.1|3.91|16798|Borderlands2
January 2019|8385.6|766.6|10.06|16585|Borderlands2
December 2018|7619.0|1058.8|16.14|16548|Borderlands2
November 2018|6560.3|961.2|17.17|12946|Borderlands2
October 2018|5599.0|-1680.0|-23.08|9892|Borderlands2
September 2018|7279.0|1698.9|30.45|13833|Borderlands2
August 2018|5580.1|-3270.5|-36.95|9224|Borderlands2
July 2018|8850.6|-580.2|-6.15|14474|Borderlands2
June 2018|9430.8|1374.9|17.07|17063|Borderlands2
May 2018|8055.9|1332.3|19.81|26724|Borderlands2
April 2018|6723.6|-1153.4|-14.64|11831|Borderlands2
March 2018|7877.1|925.5|13.31|15599|Borderlands2
February 2018|6951.5|-1007.2|-12.66|12875|Borderlands2
January 2018|7958.8|92.9|1.18|14723|Borderlands2
December 2017|7865.8|-601.8|-7.11|13769|Borderlands2
November 2017|8467.6|2350.4|38.42|18854|Borderlands2
October 2017|6117.2|333.6|5.77|11901|Borderlands2
September 2017|5783.6|-571.7|-9.0|10113|Borderlands2
August 2017|6355.3|-3386.3|-34.76|10483|Borderlands2
July 2017|9741.5|2485.0|34.25|17654|Borderlands2
June 2017|7256.5|1424.9|24.43|15238|Borderlands2
May 2017|5831.7|-1016.0|-14.84|10136|Borderlands2
April 2017|6847.7|-1192.1|-14.83|12665|Borderlands2
March 2017|8039.8|1425.1|21.54|19286|Borderlands2
February 2017|6614.7|-2500.0|-27.43|11971|Borderlands2
January 2017|9114.7|1804.8|24.69|18099|Borderlands2
December 2016|7309.9|1738.4|31.2|16062|Borderlands2
November 2016|5571.5|-661.7|-10.62|12446|Borderlands2
October 2016|6233.1|-2419.8|-27.97|12956|Borderlands2
September 2016|8652.9|3128.7|56.64|18784|Borderlands2
August 2016|5524.2|-1881.7|-25.41|9480|Borderlands2
July 2016|7405.8|1353.3|22.36|15058|Borderlands2
June 2016|6052.5|494.3|8.89|12360|Borderlands2
May 2016|5558.2|-897.3|-13.9|10762|Borderlands2
April 2016|6455.6|-1574.8|-19.61|12387|Borderlands2
March 2016|8030.3|-718.9|-8.22|19014|Borderlands2
February 2016|8749.3|-95.9|-1.08|16127|Borderlands2
January 2016|8845.1|399.9|4.73|17772|Borderlands2
December 2015|8445.3|260.1|3.18|15408|Borderlands2
November 2015|8185.1|1117.3|15.81|16804|Borderlands2
October 2015|7067.9|925.1|15.06|14744|Borderlands2
September 2015|6142.8|-1496.5|-19.59|15346|Borderlands2
August 2015|7639.3|-464.8|-5.74|15419|Borderlands2
July 2015|8104.1|-186.3|-2.25|15088|Borderlands2
June 2015|8290.3|2629.3|46.44|17472|Borderlands2
May 2015|5661.1|-1841.3|-24.54|10242|Borderlands2
April 2015|7502.4|-1570.6|-17.31|15930|Borderlands2
March 2015|9073.0|2288.8|33.74|21917|Borderlands2
February 2015|6784.3|-863.5|-11.29|14115|Borderlands2
January 2015|7647.8|-234.8|-2.98|16789|Borderlands2
December 2014|7882.6|866.0|12.34|15743|Borderlands2
November 2014|7016.6|-4106.8|-36.92|15119|Borderlands2
October 2014|11123.4|-2555.1|-18.68|25558|Borderlands2
September 2014|13678.4|-3586.0|-20.77|32832|Borderlands2
August 2014|17264.4|2856.5|19.83|67322|Borderlands2
July 2014|14408.0|2711.8|23.19|30875|Borderlands2
June 2014|11696.1|5107.6|77.52|37558|Borderlands2
May 2014|6588.5|-280.9|-4.09|12169|Borderlands2
April 2014|6869.4|-1065.7|-13.43|13248|Borderlands2
March 2014|7935.1|-6403.5|-44.66|18448|Borderlands2
February 2014|14338.6|2355.1|19.65|47105|Borderlands2
January 2014|11983.5|25.6|0.21|28057|Borderlands2
December 2013|11957.9|4062.8|51.46|25836|Borderlands2
November 2013|7895.1|-3209.5|-28.9|17302|Borderlands2
October 2013|11104.5|703.3|6.76|23777|Borderlands2
September 2013|10401.2|-3382.9|-24.54|20874|Borderlands2
August 2013|13784.2|-6934.2|-33.47|28306|Borderlands2
July 2013|20718.4|7752.6|59.79|49680|Borderlands2
June 2013|12965.8|-116.0|-0.89|27818|Borderlands2
May 2013|13081.8|4600.4|54.24|40649|Borderlands2
April 2013|8481.3|1359.3|19.09|17604|Borderlands2
March 2013|7122.0|-3825.6|-34.94|16153|Borderlands2
February 2013|10947.6|-3712.1|-25.32|25383|Borderlands2
January 2013|14659.7|-112.9|-0.76|28507|Borderlands2
December 2012|14772.7|-997.5|-6.33|28993|Borderlands2
November 2012|15770.1|-16196.0|-50.67|31391|Borderlands2
October 2012|31966.2|-29276.6|-47.8|68559|Borderlands2
February 2024 |105.1|-55.4|-34.51|190|Chrono_Trigger
January 2024 |160.5|9.1|5.98|350|Chrono_Trigger
December 2023 |151.4|50.5|49.98|328|Chrono_Trigger
November 2023 |101.0|-16.0|-13.65|167|Chrono_Trigger
October 2023 |116.9|-26.3|-18.37|219|Chrono_Trigger
September 2023 |143.3|27.0|23.21|316|Chrono_Trigger
August 2023 |116.3|-53.8|-31.63|183|Chrono_Trigger
July 2023 |170.1|65.9|63.21|309|Chrono_Trigger
June 2023 |104.2|-32.6|-23.81|182|Chrono_Trigger
May 2023 |136.8|-5.9|-4.16|301|Chrono_Trigger
April 2023 |142.7|-1.5|-1.03|273|Chrono_Trigger
March 2023 |144.2|34.4|31.34|366|Chrono_Trigger
February 2023 |109.8|-44.7|-28.94|186|Chrono_Trigger
January 2023 |154.5|18.8|13.88|302|Chrono_Trigger
December 2022 |135.7|39.1|40.48|266|Chrono_Trigger
November 2022 |96.6|-29.4|-23.34|163|Chrono_Trigger
October 2022 |126.0|-29.1|-18.77|251|Chrono_Trigger
September 2022 |155.1|34.8|28.9|338|Chrono_Trigger
August 2022 |120.3|-50.5|-29.56|189|Chrono_Trigger
July 2022 |170.8|34.1|24.93|315|Chrono_Trigger
June 2022 |136.7|-12.5|-8.36|301|Chrono_Trigger
May 2022 |149.2|-105.2|-41.35|285|Chrono_Trigger
April 2022 |254.4|-105.0|-29.22|533|Chrono_Trigger
March 2022 |359.4|227.2|171.8|943|Chrono_Trigger
February 2022 |132.2|-66.7|-33.51|232|Chrono_Trigger
January 2022 |198.9|59.1|42.24|423|Chrono_Trigger
December 2021 |139.8|40.8|41.13|342|Chrono_Trigger
November 2021 |99.1|-80.4|-44.81|162|Chrono_Trigger
October 2021 |179.5|63.8|55.08|372|Chrono_Trigger
September 2021 |115.8|-32.1|-21.73|198|Chrono_Trigger
August 2021 |147.9|-26.5|-15.18|250|Chrono_Trigger
July 2021 |174.4|46.9|36.84|323|Chrono_Trigger
June 2021 |127.4|-54.8|-30.06|296|Chrono_Trigger
May 2021 |182.2|27.9|18.11|366|Chrono_Trigger
April 2021 |154.3|-8.0|-4.92|306|Chrono_Trigger
March 2021 |162.2|62.2|62.23|516|Chrono_Trigger
February 2021 |100.0|-42.3|-29.72|170|Chrono_Trigger
January 2021 |142.3|44.1|44.85|295|Chrono_Trigger
December 2020 |98.2|17.4|21.46|249|Chrono_Trigger
November 2020 |80.9|-38.9|-32.47|146|Chrono_Trigger
October 2020 |119.8|15.4|14.8|270|Chrono_Trigger
September 2020 |104.3|5.2|5.26|248|Chrono_Trigger
August 2020 |99.1|-62.4|-38.63|167|Chrono_Trigger
July 2020 |161.5|59.6|58.57|289|Chrono_Trigger
June 2020 |101.8|-98.5|-49.17|250|Chrono_Trigger
May 2020 |200.4|95.3|90.63|469|Chrono_Trigger
April 2020 |105.1|-31.1|-22.83|165|Chrono_Trigger
March 2020 |136.2|57.3|72.6|310|Chrono_Trigger
February 2020 |78.9|-4.9|-5.85|250|Chrono_Trigger
January 2020 |83.8|-7.9|-8.61|180|Chrono_Trigger
December 2019 |91.7|30.1|48.83|184|Chrono_Trigger
November 2019 |61.6|13.9|29.25|160|Chrono_Trigger
October 2019 |47.7|-20.7|-30.26|101|Chrono_Trigger
September 2019 |68.4|-9.8|-12.52|186|Chrono_Trigger
August 2019 |78.2|-65.4|-45.56|131|Chrono_Trigger
July 2019 |143.5|42.2|41.66|294|Chrono_Trigger
June 2019 |101.3|-28.7|-22.05|331|Chrono_Trigger
May 2019 |130.0|68.4|110.95|396|Chrono_Trigger
April 2019 |61.6|-31.5|-33.85|215|Chrono_Trigger
March 2019 |93.2|10.2|12.36|249|Chrono_Trigger
February 2019 |82.9|-19.7|-19.21|270|Chrono_Trigger
January 2019 |102.6|-3.2|-3.03|255|Chrono_Trigger
December 2018 |105.8|32.5|44.36|236|Chrono_Trigger
November 2018 |73.3|14.6|24.79|253|Chrono_Trigger
October 2018 |58.7|-100.2|-63.03|119|Chrono_Trigger
September 2018 |158.9|-34.8|-17.98|472|Chrono_Trigger
August 2018 |193.7|146.2|307.26|823|Chrono_Trigger
July 2018 |47.6|0.3|0.67|92|Chrono_Trigger
June 2018 |47.3|0.3|0.6|95|Chrono_Trigger
May 2018 |47.0|-11.5|-19.72|98|Chrono_Trigger
April 2018 |58.5|-23.4|-28.58|136|Chrono_Trigger
February 2024|2639.7|6.1|0.23|4785|Darkest_Dungeon
January 2024|2633.6|123.1|4.9|4510|Darkest_Dungeon
December 2023|2510.5|-118.9|-4.52|4696|Darkest_Dungeon
November 2023|2629.4|450.7|20.69|4935|Darkest_Dungeon
October 2023|2178.7|254.3|13.21|4774|Darkest_Dungeon
September 2023|1924.4|-415.5|-17.76|3409|Darkest_Dungeon
August 2023|2339.9|-303.1|-11.47|4523|Darkest_Dungeon
July 2023|2643.0|-283.2|-9.68|4706|Darkest_Dungeon
June 2023|2926.2|-1552.4|-34.66|5569|Darkest_Dungeon
May 2023|4478.6|-438.9|-8.93|8262|Darkest_Dungeon
April 2023|4917.5|1129.4|29.82|9917|Darkest_Dungeon
March 2023|3788.0|212.3|5.94|7440|Darkest_Dungeon
February 2023|3575.8|-31.5|-0.87|6007|Darkest_Dungeon
January 2023|3607.3|404.2|12.62|5871|Darkest_Dungeon
December 2022|3203.1|-152.7|-4.55|5544|Darkest_Dungeon
November 2022|3355.8|290.9|9.49|6896|Darkest_Dungeon
October 2022|3064.9|-163.8|-5.07|7190|Darkest_Dungeon
September 2022|3228.7|421.5|15.01|7108|Darkest_Dungeon
August 2022|2807.3|-360.9|-11.39|5042|Darkest_Dungeon
July 2022|3168.2|534.6|20.3|5269|Darkest_Dungeon
June 2022|2633.5|44.7|1.73|4928|Darkest_Dungeon
May 2022|2588.8|-763.8|-22.78|4632|Darkest_Dungeon
April 2022|3352.7|1526.6|83.6|10467|Darkest_Dungeon
March 2022|1826.1|-724.2|-28.4|2927|Darkest_Dungeon
February 2022|2550.3|-946.5|-27.07|4664|Darkest_Dungeon
January 2022|3496.7|116.2|3.44|6382|Darkest_Dungeon
December 2021|3380.5|-1516.8|-30.97|5856|Darkest_Dungeon
November 2021|4897.2|821.3|20.15|11482|Darkest_Dungeon
October 2021|4075.9|-1366.6|-25.11|12236|Darkest_Dungeon
September 2021|5442.5|1425.2|35.48|12816|Darkest_Dungeon
August 2021|4017.3|227.8|6.01|7419|Darkest_Dungeon
July 2021|3789.4|865.3|29.59|6455|Darkest_Dungeon
June 2021|2924.2|-689.8|-19.09|5561|Darkest_Dungeon
May 2021|3614.0|226.8|6.7|8358|Darkest_Dungeon
April 2021|3387.2|-2010.4|-37.25|7558|Darkest_Dungeon
March 2021|5397.6|2008.1|59.24|12931|Darkest_Dungeon
February 2021|3389.5|-556.6|-14.1|5821|Darkest_Dungeon
January 2021|3946.1|746.6|23.33|6314|Darkest_Dungeon
December 2020|3199.5|-235.2|-6.85|5870|Darkest_Dungeon
November 2020|3434.7|1033.9|43.07|6416|Darkest_Dungeon
October 2020|2400.8|-650.5|-21.32|5892|Darkest_Dungeon
September 2020|3051.2|123.1|4.2|6027|Darkest_Dungeon
August 2020|2928.1|-638.4|-17.9|4214|Darkest_Dungeon
July 2020|3566.5|-1742.6|-32.82|6342|Darkest_Dungeon
June 2020|5309.1|1051.1|24.69|17363|Darkest_Dungeon
May 2020|4258.0|475.6|12.57|18667|Darkest_Dungeon
April 2020|3782.4|-103.7|-2.67|6841|Darkest_Dungeon
March 2020|3886.1|855.5|28.23|7643|Darkest_Dungeon
February 2020|3030.6|-188.7|-5.86|4658|Darkest_Dungeon
January 2020|3219.3|267.8|9.07|5386|Darkest_Dungeon
December 2019|2951.4|276.6|10.34|5142|Darkest_Dungeon
November 2019|2674.8|542.6|25.45|5108|Darkest_Dungeon
October 2019|2132.2|433.9|25.55|3834|Darkest_Dungeon
September 2019|1698.3|-468.6|-21.62|2856|Darkest_Dungeon
August 2019|2166.9|-1114.7|-33.97|3724|Darkest_Dungeon
July 2019|3281.6|-219.0|-6.26|6477|Darkest_Dungeon
June 2019|3500.6|1317.5|60.35|7641|Darkest_Dungeon
May 2019|2183.0|47.0|2.2|3522|Darkest_Dungeon
April 2019|2136.0|-1211.1|-36.18|3434|Darkest_Dungeon
March 2019|3347.1|-273.9|-7.57|6855|Darkest_Dungeon
February 2019|3621.0|636.9|21.34|9330|Darkest_Dungeon
January 2019|2984.2|540.5|22.12|5212|Darkest_Dungeon
December 2018|2443.7|-674.3|-21.63|4883|Darkest_Dungeon
November 2018|3118.0|130.1|4.36|6125|Darkest_Dungeon
October 2018|2987.9|868.4|40.97|7370|Darkest_Dungeon
September 2018|2119.5|-1143.8|-35.05|3638|Darkest_Dungeon
August 2018|3263.3|-3456.6|-51.44|6142|Darkest_Dungeon
July 2018|6719.9|1324.3|24.54|14184|Darkest_Dungeon
June 2018|5395.6|3180.0|143.52|17719|Darkest_Dungeon
May 2018|2215.7|-633.8|-22.24|3754|Darkest_Dungeon
April 2018|2849.4|1078.7|60.92|7982|Darkest_Dungeon
March 2018|1770.7|-398.2|-18.36|2946|Darkest_Dungeon
February 2018|2168.9|-637.0|-22.7|3873|Darkest_Dungeon
January 2018|2805.9|162.8|6.16|5448|Darkest_Dungeon
December 2017|2643.2|-491.1|-15.67|5291|Darkest_Dungeon
November 2017|3134.2|-224.3|-6.68|5646|Darkest_Dungeon
October 2017|3358.5|1584.6|89.33|8476|Darkest_Dungeon
September 2017|1773.8|-718.9|-28.84|3188|Darkest_Dungeon
August 2017|2492.7|-4536.1|-64.54|4991|Darkest_Dungeon
July 2017|7028.8|1891.9|36.83|17795|Darkest_Dungeon
June 2017|5137.0|3733.9|266.13|19285|Darkest_Dungeon
May 2017|1403.1|-207.1|-12.86|2415|Darkest_Dungeon
April 2017|1610.2|73.4|4.78|3292|Darkest_Dungeon
March 2017|1536.8|-1283.0|-45.5|3067|Darkest_Dungeon
February 2017|2819.8|303.3|12.05|8414|Darkest_Dungeon
January 2017|2516.5|742.1|41.82|5872|Darkest_Dungeon
December 2016|1774.4|158.9|9.83|4737|Darkest_Dungeon
November 2016|1615.5|463.7|40.25|3492|Darkest_Dungeon
October 2016|1151.9|270.7|30.72|2762|Darkest_Dungeon
September 2016|881.2|-102.4|-10.41|1561|Darkest_Dungeon
August 2016|983.6|-672.6|-40.61|1674|Darkest_Dungeon
July 2016|1656.1|164.9|11.05|4331|Darkest_Dungeon
June 2016|1491.3|95.3|6.83|4163|Darkest_Dungeon
May 2016|1396.0|246.1|21.4|4945|Darkest_Dungeon
April 2016|1149.9|-933.0|-44.79|2611|Darkest_Dungeon
March 2016|2082.9|-2500.0|-54.55|4109|Darkest_Dungeon
February 2016|4582.9|-191.4|-4.01|10927|Darkest_Dungeon
January 2016|4774.3|3447.7|259.89|14661|Darkest_Dungeon
December 2015|1326.6|699.2|111.46|3543|Darkest_Dungeon
November 2015|627.4|-686.6|-52.25|1906|Darkest_Dungeon
October 2015|1314.0|822.7|167.46|4637|Darkest_Dungeon
September 2015|491.3|-319.6|-39.41|1439|Darkest_Dungeon
August 2015|810.9|-55.3|-6.38|2350|Darkest_Dungeon
July 2015|866.1|-421.1|-32.71|2220|Darkest_Dungeon
June 2015|1287.2|780.2|153.89|3060|Darkest_Dungeon
May 2015|507.0|19.8|4.06|3257|Darkest_Dungeon
April 2015|487.2|-960.1|-66.34|1011|Darkest_Dungeon
March 2015|1447.3|-3354.8|-69.86|4360|Darkest_Dungeon
February 2015|4802.1|4782.7|24702.24|13240|Darkest_Dungeon
January 2015|19.4|19.0|5819.11|597|Darkest_Dungeon
February 2024|2639.7|6.1|0.23|4785|Divinity_Original_Sin_2
January 2024|2633.6|123.1|4.9|4510|Divinity_Original_Sin_2
December 2023|2510.5|-118.9|-4.52|4696|Divinity_Original_Sin_2
November 2023|2629.4|450.7|20.69|4935|Divinity_Original_Sin_2
October 2023|2178.7|254.3|13.21|4774|Divinity_Original_Sin_2
September 2023|1924.4|-415.5|-17.76|3409|Divinity_Original_Sin_2
August 2023|2339.9|-303.1|-11.47|4523|Divinity_Original_Sin_2
July 2023|2643.0|-283.2|-9.68|4706|Divinity_Original_Sin_2
June 2023|2926.2|-1552.4|-34.66|5569|Divinity_Original_Sin_2
May 2023|4478.6|-438.9|-8.93|8262|Divinity_Original_Sin_2
April 2023|4917.5|1129.4|29.82|9917|Divinity_Original_Sin_2
March 2023|3788.0|212.3|5.94|7440|Divinity_Original_Sin_2
February 2023|3575.8|-31.5|-0.87|6007|Divinity_Original_Sin_2
January 2023|3607.3|404.2|12.62|5871|Divinity_Original_Sin_2
December 2022|3203.1|-152.7|-4.55|5544|Divinity_Original_Sin_2
November 2022|3355.8|290.9|9.49|6896|Divinity_Original_Sin_2
October 2022|3064.9|-163.8|-5.07|7190|Divinity_Original_Sin_2
September 2022|3228.7|421.5|15.01|7108|Divinity_Original_Sin_2
August 2022|2807.3|-360.9|-11.39|5042|Divinity_Original_Sin_2
July 2022|3168.2|534.6|20.3|5269|Divinity_Original_Sin_2
June 2022|2633.5|44.7|1.73|4928|Divinity_Original_Sin_2
May 2022|2588.8|-763.8|-22.78|4632|Divinity_Original_Sin_2
April 2022|3352.7|1526.6|83.6|10467|Divinity_Original_Sin_2
March 2022|1826.1|-724.2|-28.4|2927|Divinity_Original_Sin_2
February 2022|2550.3|-946.5|-27.07|4664|Divinity_Original_Sin_2
January 2022|3496.7|116.2|3.44|6382|Divinity_Original_Sin_2
December 2021|3380.5|-1516.8|-30.97|5856|Divinity_Original_Sin_2
November 2021|4897.2|821.3|20.15|11482|Divinity_Original_Sin_2
October 2021|4075.9|-1366.6|-25.11|12236|Divinity_Original_Sin_2
September 2021|5442.5|1425.2|35.48|12816|Divinity_Original_Sin_2
August 2021|4017.3|227.8|6.01|7419|Divinity_Original_Sin_2
July 2021|3789.4|865.3|29.59|6455|Divinity_Original_Sin_2
June 2021|2924.2|-689.8|-19.09|5561|Divinity_Original_Sin_2
May 2021|3614.0|226.8|6.7|8358|Divinity_Original_Sin_2
April 2021|3387.2|-2010.4|-37.25|7558|Divinity_Original_Sin_2
March 2021|5397.6|2008.1|59.24|12931|Divinity_Original_Sin_2
February 2021|3389.5|-556.6|-14.1|5821|Divinity_Original_Sin_2
January 2021|3946.1|746.6|23.33|6314|Divinity_Original_Sin_2
December 2020|3199.5|-235.2|-6.85|5870|Divinity_Original_Sin_2
November 2020|3434.7|1033.9|43.07|6416|Divinity_Original_Sin_2
October 2020|2400.8|-650.5|-21.32|5892|Divinity_Original_Sin_2
September 2020|3051.2|123.1|4.2|6027|Divinity_Original_Sin_2
August 2020|2928.1|-638.4|-17.9|4214|Divinity_Original_Sin_2
July 2020|3566.5|-1742.6|-32.82|6342|Divinity_Original_Sin_2
June 2020|5309.1|1051.1|24.69|17363|Divinity_Original_Sin_2
May 2020|4258.0|475.6|12.57|18667|Divinity_Original_Sin_2
April 2020|3782.4|-103.7|-2.67|6841|Divinity_Original_Sin_2
March 2020|3886.1|855.5|28.23|7643|Divinity_Original_Sin_2
February 2020|3030.6|-188.7|-5.86|4658|Divinity_Original_Sin_2
January 2020|3219.3|267.8|9.07|5386|Divinity_Original_Sin_2
December 2019|2951.4|276.6|10.34|5142|Divinity_Original_Sin_2
November 2019|2674.8|542.6|25.45|5108|Divinity_Original_Sin_2
October 2019|2132.2|433.9|25.55|3834|Divinity_Original_Sin_2
September 2019|1698.3|-468.6|-21.62|2856|Divinity_Original_Sin_2
August 2019|2166.9|-1114.7|-33.97|3724|Divinity_Original_Sin_2
July 2019|3281.6|-219.0|-6.26|6477|Divinity_Original_Sin_2
June 2019|3500.6|1317.5|60.35|7641|Divinity_Original_Sin_2
May 2019|2183.0|47.0|2.2|3522|Divinity_Original_Sin_2
April 2019|2136.0|-1211.1|-36.18|3434|Divinity_Original_Sin_2
March 2019|3347.1|-273.9|-7.57|6855|Divinity_Original_Sin_2
February 2019|3621.0|636.9|21.34|9330|Divinity_Original_Sin_2
January 2019|2984.2|540.5|22.12|5212|Divinity_Original_Sin_2
December 2018|2443.7|-674.3|-21.63|4883|Divinity_Original_Sin_2
November 2018|3118.0|130.1|4.36|6125|Divinity_Original_Sin_2
October 2018|2987.9|868.4|40.97|7370|Divinity_Original_Sin_2
September 2018|2119.5|-1143.8|-35.05|3638|Divinity_Original_Sin_2
August 2018|3263.3|-3456.6|-51.44|6142|Divinity_Original_Sin_2
July 2018|6719.9|1324.3|24.54|14184|Divinity_Original_Sin_2
June 2018|5395.6|3180.0|143.52|17719|Divinity_Original_Sin_2
May 2018|2215.7|-633.8|-22.24|3754|Divinity_Original_Sin_2
April 2018|2849.4|1078.7|60.92|7982|Divinity_Original_Sin_2
March 2018|1770.7|-398.2|-18.36|2946|Divinity_Original_Sin_2
February 2018|2168.9|-637.0|-22.7|3873|Divinity_Original_Sin_2
January 2018|2805.9|162.8|6.16|5448|Divinity_Original_Sin_2
December 2017|2643.2|-491.1|-15.67|5291|Divinity_Original_Sin_2
November 2017|3134.2|-224.3|-6.68|5646|Divinity_Original_Sin_2
October 2017|3358.5|1584.6|89.33|8476|Divinity_Original_Sin_2
September 2017|1773.8|-718.9|-28.84|3188|Divinity_Original_Sin_2
August 2017|2492.7|-4536.1|-64.54|4991|Divinity_Original_Sin_2
July 2017|7028.8|1891.9|36.83|17795|Divinity_Original_Sin_2
June 2017|5137.0|3733.9|266.13|19285|Divinity_Original_Sin_2
May 2017|1403.1|-207.1|-12.86|2415|Divinity_Original_Sin_2
April 2017|1610.2|73.4|4.78|3292|Divinity_Original_Sin_2
March 2017|1536.8|-1283.0|-45.5|3067|Divinity_Original_Sin_2
February 2017|2819.8|303.3|12.05|8414|Divinity_Original_Sin_2
January 2017|2516.5|742.1|41.82|5872|Divinity_Original_Sin_2
December 2016|1774.4|158.9|9.83|4737|Divinity_Original_Sin_2
November 2016|1615.5|463.7|40.25|3492|Divinity_Original_Sin_2
October 2016|1151.9|270.7|30.72|2762|Divinity_Original_Sin_2
September 2016|881.2|-102.4|-10.41|1561|Divinity_Original_Sin_2
August 2016|983.6|-672.6|-40.61|1674|Divinity_Original_Sin_2
July 2016|1656.1|164.9|11.05|4331|Divinity_Original_Sin_2
June 2016|1491.3|95.3|6.83|4163|Divinity_Original_Sin_2
May 2016|1396.0|246.1|21.4|4945|Divinity_Original_Sin_2
April 2016|1149.9|-933.0|-44.79|2611|Divinity_Original_Sin_2
March 2016|2082.9|-2500.0|-54.55|4109|Divinity_Original_Sin_2
February 2016|4582.9|-191.4|-4.01|10927|Divinity_Original_Sin_2
January 2016|4774.3|3447.7|259.89|14661|Divinity_Original_Sin_2
December 2015|1326.6|699.2|111.46|3543|Divinity_Original_Sin_2
November 2015|627.4|-686.6|-52.25|1906|Divinity_Original_Sin_2
October 2015|1314.0|822.7|167.46|4637|Divinity_Original_Sin_2
September 2015|491.3|-319.6|-39.41|1439|Divinity_Original_Sin_2
August 2015|810.9|-55.3|-6.38|2350|Divinity_Original_Sin_2
July 2015|866.1|-421.1|-32.71|2220|Divinity_Original_Sin_2
June 2015|1287.2|780.2|153.89|3060|Divinity_Original_Sin_2
May 2015|507.0|19.8|4.06|3257|Divinity_Original_Sin_2
April 2015|487.2|-960.1|-66.34|1011|Divinity_Original_Sin_2
March 2015|1447.3|-3354.8|-69.86|4360|Divinity_Original_Sin_2
February 2015|4802.1|4782.7|24702.24|13240|Divinity_Original_Sin_2
January 2015|19.4|19.0|5819.11|597|Divinity_Original_Sin_2
February 2024 |48618.9|-5560.9|-10.26|108636|Elden_Ring
January 2024 |54179.8|20747.5|62.06|99007|Elden_Ring
December 2023 |33432.3|6465.3|23.97|88401|Elden_Ring
November 2023 |26967.0|-5607.6|-17.21|51640|Elden_Ring
October 2023 |32574.6|11029.7|51.19|67367|Elden_Ring
September 2023 |21544.9|-6160.7|-22.24|37349|Elden_Ring
August 2023 |27705.6|-7588.0|-21.5|45933|Elden_Ring
July 2023 |35293.7|14301.3|68.13|56698|Elden_Ring
June 2023 |20992.3|-4434.2|-17.44|34628|Elden_Ring
May 2023 |25426.6|-7869.4|-23.63|43846|Elden_Ring
April 2023 |33296.0|-10511.6|-23.99|59357|Elden_Ring
March 2023 |43807.6|-6635.6|-13.15|74718|Elden_Ring
February 2023 |50443.3|-17442.2|-25.69|81740|Elden_Ring
January 2023 |67885.5|27573.1|68.4|106913|Elden_Ring
December 2022 |40312.3|16370.2|68.37|85651|Elden_Ring
November 2022 |23942.1|-666.9|-2.71|36112|Elden_Ring
October 2022 |24609.0|-3147.9|-11.34|39776|Elden_Ring
September 2022 |27756.9|-3319.1|-10.68|45238|Elden_Ring
August 2022 |31076.0|-4556.8|-12.79|47252|Elden_Ring
July 2022 |35632.8|-14517.5|-28.95|52347|Elden_Ring
June 2022 |50150.3|-39896.8|-44.31|88390|Elden_Ring
May 2022 |90047.1|-121421.8|-57.42|192569|Elden_Ring
April 2022 |211468.9|-310597.5|-59.49|457067|Elden_Ring
February 2024 |14588.8|-745.7|-4.86|24354|Fallout4
January 2024 |15334.5|991.0|6.91|24668|Fallout4
December 2023 |14343.4|1007.5|7.56|22408|Fallout4
November 2023 |13335.9|1388.8|11.62|20753|Fallout4
October 2023 |11947.0|-1721.9|-12.6|21318|Fallout4
September 2023 |13668.9|-3830.6|-21.89|22953|Fallout4
August 2023 |17499.5|-388.8|-2.17|27730|Fallout4
July 2023 |17888.3|2823.8|18.74|27022|Fallout4
June 2023 |15064.5|2033.2|15.6|26021|Fallout4
May 2023 |13031.3|-1171.2|-8.25|20281|Fallout4
April 2023 |14202.5|-16.1|-0.11|22530|Fallout4
March 2023 |14218.6|-1038.5|-6.81|23467|Fallout4
February 2023 |15257.1|-2277.5|-12.99|25698|Fallout4
January 2023 |17534.6|1609.6|10.11|27076|Fallout4
December 2022 |15925.0|-1121.0|-6.58|24301|Fallout4
November 2022 |17046.0|-1451.1|-7.85|28190|Fallout4
October 2022 |18497.1|3743.0|25.37|31142|Fallout4
September 2022 |14754.1|-1952.1|-11.69|24300|Fallout4
August 2022 |16706.2|492.4|3.04|27516|Fallout4
July 2022 |16213.9|2216.0|15.83|23753|Fallout4
June 2022 |13997.9|601.5|4.49|22069|Fallout4
May 2022 |13396.4|-330.7|-2.41|20626|Fallout4
April 2022 |13727.1|224.0|1.66|21733|Fallout4
March 2022 |13503.1|-1661.1|-10.95|21708|Fallout4
February 2022 |15164.2|-1789.9|-10.56|23963|Fallout4
January 2022 |16954.1|1527.6|9.9|24939|Fallout4
December 2021 |15426.5|-1595.2|-9.37|23085|Fallout4
November 2021 |17021.7|-809.4|-4.54|27235|Fallout4
October 2021 |17831.1|1216.8|7.32|32662|Fallout4
September 2021 |16614.3|-2696.4|-13.96|26916|Fallout4
August 2021 |19310.7|5277.6|37.61|34180|Fallout4
July 2021 |14033.1|1602.6|12.89|20199|Fallout4
June 2021 |12430.5|-704.2|-5.36|19487|Fallout4
May 2021 |13134.7|524.8|4.16|21237|Fallout4
April 2021 |12609.9|-32.8|-0.26|19732|Fallout4
March 2021 |12642.7|-1130.5|-8.21|20908|Fallout4
February 2021 |13773.1|-1310.8|-8.69|21274|Fallout4
January 2021 |15083.9|624.6|4.32|23877|Fallout4
December 2020 |14459.4|-2155.8|-12.97|23305|Fallout4
November 2020 |16615.1|1557.5|10.34|26621|Fallout4
October 2020 |15057.6|2185.4|16.98|29702|Fallout4
September 2020 |12872.2|-2344.6|-15.41|19804|Fallout4
August 2020 |15216.8|68.4|0.45|24206|Fallout4
July 2020 |15148.4|2224.2|17.21|23204|Fallout4
June 2020 |12924.1|-2211.9|-14.61|20948|Fallout4
May 2020 |15136.1|-850.5|-5.32|23912|Fallout4
April 2020 |15986.5|1641.3|11.44|24455|Fallout4
March 2020 |14345.2|554.6|4.02|24354|Fallout4
February 2020 |13790.6|-585.9|-4.08|21988|Fallout4
January 2020 |14376.5|397.3|2.84|23023|Fallout4
December 2019 |13979.2|975.1|7.5|23706|Fallout4
November 2019 |13004.1|868.1|7.15|22661|Fallout4
October 2019 |12136.1|167.6|1.4|23275|Fallout4
September 2019 |11968.4|-2829.0|-19.12|20097|Fallout4
August 2019 |14797.5|779.2|5.56|24918|Fallout4
July 2019 |14018.3|1076.6|8.32|25568|Fallout4
June 2019 |12941.6|1708.3|15.21|20831|Fallout4
May 2019 |11233.3|922.8|8.95|19712|Fallout4
April 2019 |10310.6|-1289.1|-11.11|17822|Fallout4
March 2019 |11599.7|-401.6|-3.35|19879|Fallout4
February 2019 |12001.2|-2081.5|-14.78|20610|Fallout4
January 2019 |14082.7|-2888.4|-17.02|25206|Fallout4
December 2018 |16971.1|-1962.8|-10.37|31485|Fallout4
November 2018 |18933.9|380.8|2.05|33389|Fallout4
October 2018 |18553.1|1974.1|11.91|36389|Fallout4
September 2018 |16579.0|-2212.2|-11.77|28436|Fallout4
August 2018 |18791.2|-4679.1|-19.94|32239|Fallout4
July 2018 |23470.3|-2051.5|-8.04|43476|Fallout4
June 2018 |25521.9|10460.6|69.45|47573|Fallout4
May 2018 |15061.2|85.0|0.57|25653|Fallout4
April 2018 |14976.2|-2171.3|-12.66|26203|Fallout4
March 2018 |17147.5|-4444.9|-20.59|30503|Fallout4
February 2018 |21592.5|743.6|3.57|45111|Fallout4
January 2018 |20848.8|846.6|4.23|37190|Fallout4
December 2017 |20002.3|1634.6|8.9|34512|Fallout4
November 2017 |18367.6|-351.4|-1.88|33736|Fallout4
October 2017 |18719.0|474.7|2.6|35886|Fallout4
September 2017 |18244.3|-504.2|-2.69|31836|Fallout4
August 2017 |18748.5|-2943.6|-13.57|32696|Fallout4
July 2017 |21692.1|-90.7|-0.42|36800|Fallout4
June 2017 |21782.8|2846.7|15.03|38111|Fallout4
May 2017 |18936.1|2089.2|12.4|49675|Fallout4
April 2017 |16846.9|-52.0|-0.31|29010|Fallout4
March 2017 |16898.9|-2675.0|-13.67|31843|Fallout4
February 2017 |19573.9|-3236.0|-14.19|34587|Fallout4
January 2017 |22809.9|1751.1|8.32|41471|Fallout4
December 2016 |21058.8|1360.3|6.91|37794|Fallout4
November 2016 |19698.4|-1087.6|-5.23|40096|Fallout4
October 2016 |20786.0|-3608.1|-14.79|39948|Fallout4
September 2016 |24394.1|735.9|3.11|48954|Fallout4
August 2016 |23658.2|-699.1|-2.87|45998|Fallout4
July 2016 |24357.3|-874.7|-3.47|41541|Fallout4
June 2016 |25232.0|-4294.4|-14.54|45855|Fallout4
May 2016 |29526.4|2964.8|11.16|74283|Fallout4
April 2016 |26561.6|-1964.9|-6.89|52480|Fallout4
March 2016 |28526.5|-4206.7|-12.85|57102|Fallout4
February 2016 |32733.2|-22093.3|-40.3|61739|Fallout4
January 2016 |54826.5|-39309.9|-41.76|119272|Fallout4
December 2015 |94136.4|-132161.5|-58.4|201635|Fallout4
February 2024 |601.3|159.3|36.05|1152|Final_Fantasy_VII
January 2024 |442.0|85.2|23.89|753|Final_Fantasy_VII
December 2023 |356.7|107.9|43.34|695|Final_Fantasy_VII
November 2023 |248.9|-44.3|-15.1|430|Final_Fantasy_VII
October 2023 |293.1|-12.6|-4.12|558|Final_Fantasy_VII
September 2023 |305.7|40.8|15.41|665|Final_Fantasy_VII
August 2023 |264.9|-111.3|-29.58|448|Final_Fantasy_VII
July 2023 |376.2|95.6|34.08|622|Final_Fantasy_VII
June 2023 |280.6|0.5|0.18|521|Final_Fantasy_VII
May 2023 |280.1|-40.8|-12.72|515|Final_Fantasy_VII
April 2023 |320.9|-4.0|-1.22|561|Final_Fantasy_VII
March 2023 |324.9|-10.9|-3.26|644|Final_Fantasy_VII
February 2023 |335.8|-108.4|-24.4|608|Final_Fantasy_VII
January 2023 |444.2|122.4|38.02|759|Final_Fantasy_VII
December 2022 |321.9|88.1|37.67|641|Final_Fantasy_VII
November 2022 |233.8|-35.2|-13.1|408|Final_Fantasy_VII
October 2022 |269.0|-28.7|-9.64|482|Final_Fantasy_VII
September 2022 |297.7|-10.5|-3.39|509|Final_Fantasy_VII
August 2022 |308.2|-144.8|-31.97|534|Final_Fantasy_VII
July 2022 |453.0|76.1|20.19|769|Final_Fantasy_VII
June 2022 |376.9|55.6|17.31|809|Final_Fantasy_VII
May 2022 |321.3|12.3|4.0|521|Final_Fantasy_VII
April 2022 |308.9|22.8|7.98|508|Final_Fantasy_VII
March 2022 |286.1|-25.1|-8.06|560|Final_Fantasy_VII
February 2022 |311.1|-128.8|-29.28|582|Final_Fantasy_VII
January 2022 |440.0|117.0|36.22|782|Final_Fantasy_VII
December 2021 |323.0|71.1|28.22|674|Final_Fantasy_VII
November 2021 |251.9|-46.6|-15.61|400|Final_Fantasy_VII
October 2021 |298.5|19.6|7.01|522|Final_Fantasy_VII
September 2021 |279.0|-31.3|-10.09|447|Final_Fantasy_VII
August 2021 |310.3|-27.9|-8.26|482|Final_Fantasy_VII
July 2021 |338.2|37.9|12.6|533|Final_Fantasy_VII
June 2021 |300.3|-60.1|-16.68|554|Final_Fantasy_VII
May 2021 |360.4|-51.3|-12.46|648|Final_Fantasy_VII
April 2021 |411.8|-30.5|-6.89|737|Final_Fantasy_VII
March 2021 |442.3|79.1|21.79|925|Final_Fantasy_VII
February 2021 |363.1|-111.2|-23.44|618|Final_Fantasy_VII
January 2021 |474.3|71.4|17.72|881|Final_Fantasy_VII
December 2020 |402.9|127.3|46.18|845|Final_Fantasy_VII
November 2020 |275.6|-39.7|-12.58|439|Final_Fantasy_VII
October 2020 |315.3|0.4|0.12|554|Final_Fantasy_VII
September 2020 |314.9|-19.3|-5.78|559|Final_Fantasy_VII
August 2020 |334.2|-93.9|-21.93|576|Final_Fantasy_VII
July 2020 |428.1|-136.9|-24.23|745|Final_Fantasy_VII
June 2020 |565.0|-998.0|-63.85|1015|Final_Fantasy_VII
May 2020 |1563.1|-266.3|-14.56|3367|Final_Fantasy_VII
April 2020 |1829.4|888.7|94.47|3663|Final_Fantasy_VII
March 2020 |940.7|409.9|77.22|1577|Final_Fantasy_VII
February 2020 |530.8|96.3|22.17|977|Final_Fantasy_VII
January 2020 |434.5|95.3|28.11|788|Final_Fantasy_VII
December 2019 |339.1|76.0|28.86|729|Final_Fantasy_VII
November 2019 |263.2|-42.1|-13.78|455|Final_Fantasy_VII
October 2019 |305.3|-34.7|-10.2|552|Final_Fantasy_VII
September 2019 |339.9|-16.5|-4.62|616|Final_Fantasy_VII
August 2019 |356.4|-183.9|-34.04|596|Final_Fantasy_VII
July 2019 |540.4|-137.8|-20.32|997|Final_Fantasy_VII
June 2019 |678.1|230.2|51.38|1352|Final_Fantasy_VII
May 2019 |448.0|87.2|24.18|832|Final_Fantasy_VII
April 2019 |360.8|6.9|1.96|622|Final_Fantasy_VII
March 2019 |353.8|-47.4|-11.82|741|Final_Fantasy_VII
February 2019 |401.3|-52.5|-11.57|701|Final_Fantasy_VII
January 2019 |453.8|50.1|12.41|787|Final_Fantasy_VII
December 2018 |403.7|80.8|25.03|794|Final_Fantasy_VII
November 2018 |322.9|-17.8|-5.23|606|Final_Fantasy_VII
October 2018 |340.7|-11.4|-3.24|552|Final_Fantasy_VII
September 2018 |352.1|-24.6|-6.53|642|Final_Fantasy_VII
August 2018 |376.7|-82.4|-17.95|648|Final_Fantasy_VII
July 2018 |459.1|84.7|22.61|755|Final_Fantasy_VII
June 2018 |374.4|-6.7|-1.77|643|Final_Fantasy_VII
May 2018 |381.1|-50.0|-11.6|634|Final_Fantasy_VII
April 2018 |431.2|-164.9|-27.67|756|Final_Fantasy_VII
March 2018 |596.1|115.1|23.92|1320|Final_Fantasy_VII
February 2018 |481.0|-88.3|-15.5|838|Final_Fantasy_VII
January 2018 |569.3|107.0|23.15|1065|Final_Fantasy_VII
December 2017 |462.3|80.2|20.99|987|Final_Fantasy_VII
November 2017 |382.1|2.2|0.59|683|Final_Fantasy_VII
October 2017 |379.8|-5.5|-1.44|663|Final_Fantasy_VII
September 2017 |385.4|-27.5|-6.65|655|Final_Fantasy_VII
August 2017 |412.8|-115.6|-21.88|704|Final_Fantasy_VII
July 2017 |528.4|101.9|23.88|947|Final_Fantasy_VII
June 2017 |426.6|28.3|7.1|821|Final_Fantasy_VII
May 2017 |398.3|-15.9|-3.83|718|Final_Fantasy_VII
April 2017 |414.1|-62.6|-13.14|693|Final_Fantasy_VII
March 2017 |476.8|-147.5|-23.62|944|Final_Fantasy_VII
February 2017 |624.3|-8.2|-1.3|1384|Final_Fantasy_VII
January 2017 |632.5|99.3|18.63|1372|Final_Fantasy_VII
December 2016 |533.2|164.1|44.44|1152|Final_Fantasy_VII
November 2016 |369.1|6.3|1.74|634|Final_Fantasy_VII
October 2016 |362.8|-1.2|-0.34|646|Final_Fantasy_VII
September 2016 |364.0|-30.9|-7.83|622|Final_Fantasy_VII
August 2016 |394.9|-48.3|-10.89|704|Final_Fantasy_VII
July 2016 |443.2|7.1|1.64|734|Final_Fantasy_VII
June 2016 |436.1|-23.1|-5.04|744|Final_Fantasy_VII
May 2016 |459.2|-51.1|-10.01|838|Final_Fantasy_VII
April 2016 |510.3|-135.4|-20.97|948|Final_Fantasy_VII
March 2016 |645.8|75.2|13.18|1453|Final_Fantasy_VII
February 2016 |570.6|-320.1|-35.94|1010|Final_Fantasy_VII
January 2016 |890.6|77.2|9.48|1897|Final_Fantasy_VII
December 2015 |813.5|372.5|84.48|1711|Final_Fantasy_VII
November 2015 |440.9|-20.1|-4.35|723|Final_Fantasy_VII
October 2015 |461.0|-78.6|-14.56|825|Final_Fantasy_VII
September 2015 |539.6|-120.7|-18.27|881|Final_Fantasy_VII
August 2015 |660.2|-239.8|-26.65|1082|Final_Fantasy_VII
July 2015 |900.0|-73.8|-7.58|1783|Final_Fantasy_VII
June 2015 |973.9|471.4|93.8|2657|Final_Fantasy_VII
May 2015 |502.5|-55.9|-10.01|823|Final_Fantasy_VII
April 2015 |558.4|-37.9|-6.35|965|Final_Fantasy_VII
March 2015 |596.3|-264.0|-30.69|1171|Final_Fantasy_VII
February 2015 |860.3|73.1|9.29|2005|Final_Fantasy_VII
January 2015 |787.2|259.0|49.03|1713|Final_Fantasy_VII
December 2014 |528.2|107.3|25.49|1322|Final_Fantasy_VII
November 2014 |420.9|-68.6|-14.01|777|Final_Fantasy_VII
October 2014 |489.5|-13.0|-2.59|866|Final_Fantasy_VII
September 2014 |502.5|-101.1|-16.75|894|Final_Fantasy_VII
August 2014 |603.6|-135.2|-18.3|1055|Final_Fantasy_VII
July 2014 |738.8|29.0|4.08|1443|Final_Fantasy_VII
June 2014 |709.9|130.8|22.6|1809|Final_Fantasy_VII
May 2014 |579.0|-249.8|-30.14|965|Final_Fantasy_VII
April 2014 |828.8|141.8|20.64|1786|Final_Fantasy_VII
March 2014 |687.0|-60.0|-8.03|2690|Final_Fantasy_VII
February 2014 |747.0|-434.1|-36.76|1462|Final_Fantasy_VII
January 2014 |1181.1|-596.3|-33.55|2589|Final_Fantasy_VII
December 2013 |1777.4|1041.7|141.59|3912|Final_Fantasy_VII
November 2013 |735.7|-543.3|-42.48|3566|Final_Fantasy_VII
October 2013 |1279.0|512.9|66.96|3952|Final_Fantasy_VII
September 2013 |766.1|-624.5|-44.91|1470|Final_Fantasy_VII
August 2013 |1390.5|-1490.2|-51.73|3034|Final_Fantasy_VII
February 2024 |14588.8|-745.7|-4.86|24354|HiFi_Rush
January 2024 |15334.5|991.0|6.91|24668|HiFi_Rush
December 2023 |14343.4|1007.5|7.56|22408|HiFi_Rush
November 2023 |13335.9|1388.8|11.62|20753|HiFi_Rush
October 2023 |11947.0|-1721.9|-12.6|21318|HiFi_Rush
September 2023 |13668.9|-3830.6|-21.89|22953|HiFi_Rush
August 2023 |17499.5|-388.8|-2.17|27730|HiFi_Rush
July 2023 |17888.3|2823.8|18.74|27022|HiFi_Rush
June 2023 |15064.5|2033.2|15.6|26021|HiFi_Rush
May 2023 |13031.3|-1171.2|-8.25|20281|HiFi_Rush
April 2023 |14202.5|-16.1|-0.11|22530|HiFi_Rush
March 2023 |14218.6|-1038.5|-6.81|23467|HiFi_Rush
February 2023 |15257.1|-2277.5|-12.99|25698|HiFi_Rush
January 2023 |17534.6|1609.6|10.11|27076|HiFi_Rush
December 2022 |15925.0|-1121.0|-6.58|24301|HiFi_Rush
November 2022 |17046.0|-1451.1|-7.85|28190|HiFi_Rush
October 2022 |18497.1|3743.0|25.37|31142|HiFi_Rush
September 2022 |14754.1|-1952.1|-11.69|24300|HiFi_Rush
August 2022 |16706.2|492.4|3.04|27516|HiFi_Rush
July 2022 |16213.9|2216.0|15.83|23753|HiFi_Rush
June 2022 |13997.9|601.5|4.49|22069|HiFi_Rush
May 2022 |13396.4|-330.7|-2.41|20626|HiFi_Rush
April 2022 |13727.1|224.0|1.66|21733|HiFi_Rush
March 2022 |13503.1|-1661.1|-10.95|21708|HiFi_Rush
February 2022 |15164.2|-1789.9|-10.56|23963|HiFi_Rush
January 2022 |16954.1|1527.6|9.9|24939|HiFi_Rush
December 2021 |15426.5|-1595.2|-9.37|23085|HiFi_Rush
November 2021 |17021.7|-809.4|-4.54|27235|HiFi_Rush
October 2021 |17831.1|1216.8|7.32|32662|HiFi_Rush
September 2021 |16614.3|-2696.4|-13.96|26916|HiFi_Rush
August 2021 |19310.7|5277.6|37.61|34180|HiFi_Rush
July 2021 |14033.1|1602.6|12.89|20199|HiFi_Rush
June 2021 |12430.5|-704.2|-5.36|19487|HiFi_Rush
May 2021 |13134.7|524.8|4.16|21237|HiFi_Rush
April 2021 |12609.9|-32.8|-0.26|19732|HiFi_Rush
March 2021 |12642.7|-1130.5|-8.21|20908|HiFi_Rush
February 2021 |13773.1|-1310.8|-8.69|21274|HiFi_Rush
January 2021 |15083.9|624.6|4.32|23877|HiFi_Rush
December 2020 |14459.4|-2155.8|-12.97|23305|HiFi_Rush
November 2020 |16615.1|1557.5|10.34|26621|HiFi_Rush
October 2020 |15057.6|2185.4|16.98|29702|HiFi_Rush
September 2020 |12872.2|-2344.6|-15.41|19804|HiFi_Rush
August 2020 |15216.8|68.4|0.45|24206|HiFi_Rush
July 2020 |15148.4|2224.2|17.21|23204|HiFi_Rush
June 2020 |12924.1|-2211.9|-14.61|20948|HiFi_Rush
May 2020 |15136.1|-850.5|-5.32|23912|HiFi_Rush
April 2020 |15986.5|1641.3|11.44|24455|HiFi_Rush
March 2020 |14345.2|554.6|4.02|24354|HiFi_Rush
February 2020 |13790.6|-585.9|-4.08|21988|HiFi_Rush
January 2020 |14376.5|397.3|2.84|23023|HiFi_Rush
December 2019 |13979.2|975.1|7.5|23706|HiFi_Rush
November 2019 |13004.1|868.1|7.15|22661|HiFi_Rush
October 2019 |12136.1|167.6|1.4|23275|HiFi_Rush
September 2019 |11968.4|-2829.0|-19.12|20097|HiFi_Rush
August 2019 |14797.5|779.2|5.56|24918|HiFi_Rush
July 2019 |14018.3|1076.6|8.32|25568|HiFi_Rush
June 2019 |12941.6|1708.3|15.21|20831|HiFi_Rush
May 2019 |11233.3|922.8|8.95|19712|HiFi_Rush
April 2019 |10310.6|-1289.1|-11.11|17822|HiFi_Rush
March 2019 |11599.7|-401.6|-3.35|19879|HiFi_Rush
February 2019 |12001.2|-2081.5|-14.78|20610|HiFi_Rush
January 2019 |14082.7|-2888.4|-17.02|25206|HiFi_Rush
December 2018 |16971.1|-1962.8|-10.37|31485|HiFi_Rush
November 2018 |18933.9|380.8|2.05|33389|HiFi_Rush
October 2018 |18553.1|1974.1|11.91|36389|HiFi_Rush
September 2018 |16579.0|-2212.2|-11.77|28436|HiFi_Rush
August 2018 |18791.2|-4679.1|-19.94|32239|HiFi_Rush
July 2018 |23470.3|-2051.5|-8.04|43476|HiFi_Rush
June 2018 |25521.9|10460.6|69.45|47573|HiFi_Rush
May 2018 |15061.2|85.0|0.57|25653|HiFi_Rush
April 2018 |14976.2|-2171.3|-12.66|26203|HiFi_Rush
March 2018 |17147.5|-4444.9|-20.59|30503|HiFi_Rush
February 2018 |21592.5|743.6|3.57|45111|HiFi_Rush
January 2018 |20848.8|846.6|4.23|37190|HiFi_Rush
December 2017 |20002.3|1634.6|8.9|34512|HiFi_Rush
November 2017 |18367.6|-351.4|-1.88|33736|HiFi_Rush
October 2017 |18719.0|474.7|2.6|35886|HiFi_Rush
September 2017 |18244.3|-504.2|-2.69|31836|HiFi_Rush
August 2017 |18748.5|-2943.6|-13.57|32696|HiFi_Rush
July 2017 |21692.1|-90.7|-0.42|36800|HiFi_Rush
June 2017 |21782.8|2846.7|15.03|38111|HiFi_Rush
May 2017 |18936.1|2089.2|12.4|49675|HiFi_Rush
April 2017 |16846.9|-52.0|-0.31|29010|HiFi_Rush
March 2017 |16898.9|-2675.0|-13.67|31843|HiFi_Rush
February 2017 |19573.9|-3236.0|-14.19|34587|HiFi_Rush
January 2017 |22809.9|1751.1|8.32|41471|HiFi_Rush
December 2016 |21058.8|1360.3|6.91|37794|HiFi_Rush
November 2016 |19698.4|-1087.6|-5.23|40096|HiFi_Rush
October 2016 |20786.0|-3608.1|-14.79|39948|HiFi_Rush
September 2016 |24394.1|735.9|3.11|48954|HiFi_Rush
August 2016 |23658.2|-699.1|-2.87|45998|HiFi_Rush
July 2016 |24357.3|-874.7|-3.47|41541|HiFi_Rush
June 2016 |25232.0|-4294.4|-14.54|45855|HiFi_Rush
May 2016 |29526.4|2964.8|11.16|74283|HiFi_Rush
April 2016 |26561.6|-1964.9|-6.89|52480|HiFi_Rush
March 2016 |28526.5|-4206.7|-12.85|57102|HiFi_Rush
February 2016 |32733.2|-22093.3|-40.3|61739|HiFi_Rush
January 2016 |54826.5|-39309.9|-41.76|119272|HiFi_Rush
December 2015 |94136.4|-132161.5|-58.4|201635|HiFi_Rush
February 2024 |234.7|-161.4|-40.75|463|Octopath_Traveler
January 2024 |396.1|-12.2|-2.99|874|Octopath_Traveler
December 2023 |408.4|192.5|89.18|888|Octopath_Traveler
November 2023 |215.8|-55.1|-20.35|431|Octopath_Traveler
October 2023 |271.0|-59.4|-17.98|631|Octopath_Traveler
September 2023 |330.4|-4.8|-1.43|823|Octopath_Traveler
August 2023 |335.2|-320.2|-48.86|713|Octopath_Traveler
July 2023 |655.4|371.8|131.12|1357|Octopath_Traveler
June 2023 |283.6|-245.1|-46.36|596|Octopath_Traveler
May 2023 |528.7|-146.1|-21.65|1365|Octopath_Traveler
April 2023 |674.7|-219.2|-24.52|1696|Octopath_Traveler
March 2023 |894.0|265.4|42.21|2135|Octopath_Traveler
February 2023 |628.6|-200.9|-24.22|1336|Octopath_Traveler
January 2023 |829.6|185.7|28.85|2085|Octopath_Traveler
December 2022 |643.9|355.1|123.02|1883|Octopath_Traveler
November 2022 |288.7|-212.0|-42.34|574|Octopath_Traveler
October 2022 |500.7|-119.4|-19.25|1336|Octopath_Traveler
September 2022 |620.0|333.8|116.64|1797|Octopath_Traveler
August 2022 |286.2|-110.0|-27.76|546|Octopath_Traveler
July 2022 |396.2|107.0|37.01|768|Octopath_Traveler
June 2022 |289.2|-154.6|-34.84|715|Octopath_Traveler
May 2022 |443.8|40.5|10.04|944|Octopath_Traveler
April 2022 |403.3|-43.3|-9.69|1030|Octopath_Traveler
March 2022 |446.6|169.9|61.41|1466|Octopath_Traveler
February 2022 |276.7|-214.5|-43.67|527|Octopath_Traveler
January 2022 |491.2|107.7|28.1|1136|Octopath_Traveler
December 2021 |383.4|120.1|45.6|1014|Octopath_Traveler
November 2021 |263.4|-355.4|-57.44|543|Octopath_Traveler
October 2021 |618.8|346.3|127.09|1597|Octopath_Traveler
September 2021 |272.5|-89.1|-24.65|632|Octopath_Traveler
August 2021 |361.6|-280.1|-43.65|676|Octopath_Traveler
July 2021 |641.7|234.6|57.63|1521|Octopath_Traveler
June 2021 |407.1|-280.1|-40.76|1209|Octopath_Traveler
May 2021 |687.2|54.7|8.65|1571|Octopath_Traveler
April 2021 |632.5|-96.9|-13.29|1768|Octopath_Traveler
March 2021 |729.4|349.3|91.89|2553|Octopath_Traveler
February 2021 |380.1|-455.1|-54.49|687|Octopath_Traveler
January 2021 |835.3|364.0|77.23|1981|Octopath_Traveler
December 2020 |471.3|-84.5|-15.2|1613|Octopath_Traveler
November 2020 |555.7|61.8|12.5|1823|Octopath_Traveler
October 2020 |494.0|319.7|183.5|2287|Octopath_Traveler
September 2020 |174.2|-23.1|-11.68|331|Octopath_Traveler
August 2020 |197.3|9.6|5.11|344|Octopath_Traveler
July 2020 |187.7|-43.7|-18.89|330|Octopath_Traveler
June 2020 |231.4|-187.0|-44.69|485|Octopath_Traveler
May 2020 |418.4|-730.4|-63.58|933|Octopath_Traveler
April 2020 |1148.8|210.6|22.45|3746|Octopath_Traveler
March 2020 |938.2|616.2|191.39|3833|Octopath_Traveler
February 2020 |322.0|-245.1|-43.22|693|Octopath_Traveler
January 2020 |567.0|165.3|41.14|1618|Octopath_Traveler
December 2019 |401.8|266.1|196.23|1690|Octopath_Traveler
November 2019 |135.6|-37.6|-21.72|267|Octopath_Traveler
October 2019 |173.3|-115.7|-40.04|389|Octopath_Traveler
September 2019 |289.0|-362.6|-55.65|752|Octopath_Traveler
August 2019 |651.6|-1058.1|-61.89|2034|Octopath_Traveler
July 2019 |1709.7|-460.7|-21.23|5389|Octopath_Traveler
February 2024 |234.7|-161.4|-40.75|463|Omori
January 2024 |396.1|-12.2|-2.99|874|Omori
December 2023 |408.4|192.5|89.18|888|Omori
November 2023 |215.8|-55.1|-20.35|431|Omori
October 2023 |271.0|-59.4|-17.98|631|Omori
September 2023 |330.4|-4.8|-1.43|823|Omori
August 2023 |335.2|-320.2|-48.86|713|Omori
July 2023 |655.4|371.8|131.12|1357|Omori
June 2023 |283.6|-245.1|-46.36|596|Omori
May 2023 |528.7|-146.1|-21.65|1365|Omori
April 2023 |674.7|-219.2|-24.52|1696|Omori
March 2023 |894.0|265.4|42.21|2135|Omori
February 2023 |628.6|-200.9|-24.22|1336|Omori
January 2023 |829.6|185.7|28.85|2085|Omori
December 2022 |643.9|355.1|123.02|1883|Omori
November 2022 |288.7|-212.0|-42.34|574|Omori
October 2022 |500.7|-119.4|-19.25|1336|Omori
September 2022 |620.0|333.8|116.64|1797|Omori
August 2022 |286.2|-110.0|-27.76|546|Omori
July 2022 |396.2|107.0|37.01|768|Omori
June 2022 |289.2|-154.6|-34.84|715|Omori
May 2022 |443.8|40.5|10.04|944|Omori
April 2022 |403.3|-43.3|-9.69|1030|Omori
March 2022 |446.6|169.9|61.41|1466|Omori
February 2022 |276.7|-214.5|-43.67|527|Omori
January 2022 |491.2|107.7|28.1|1136|Omori
December 2021 |383.4|120.1|45.6|1014|Omori
November 2021 |263.4|-355.4|-57.44|543|Omori
October 2021 |618.8|346.3|127.09|1597|Omori
September 2021 |272.5|-89.1|-24.65|632|Omori
August 2021 |361.6|-280.1|-43.65|676|Omori
July 2021 |641.7|234.6|57.63|1521|Omori
June 2021 |407.1|-280.1|-40.76|1209|Omori
May 2021 |687.2|54.7|8.65|1571|Omori
April 2021 |632.5|-96.9|-13.29|1768|Omori
March 2021 |729.4|349.3|91.89|2553|Omori
February 2021 |380.1|-455.1|-54.49|687|Omori
January 2021 |835.3|364.0|77.23|1981|Omori
December 2020 |471.3|-84.5|-15.2|1613|Omori
November 2020 |555.7|61.8|12.5|1823|Omori
October 2020 |494.0|319.7|183.5|2287|Omori
September 2020 |174.2|-23.1|-11.68|331|Omori
August 2020 |197.3|9.6|5.11|344|Omori
July 2020 |187.7|-43.7|-18.89|330|Omori
June 2020 |231.4|-187.0|-44.69|485|Omori
May 2020 |418.4|-730.4|-63.58|933|Omori
April 2020 |1148.8|210.6|22.45|3746|Omori
March 2020 |938.2|616.2|191.39|3833|Omori
February 2020 |322.0|-245.1|-43.22|693|Omori
January 2020 |567.0|165.3|41.14|1618|Omori
December 2019 |401.8|266.1|196.23|1690|Omori
November 2019 |135.6|-37.6|-21.72|267|Omori
October 2019 |173.3|-115.7|-40.04|389|Omori
September 2019 |289.0|-362.6|-55.65|752|Omori
August 2019 |651.6|-1058.1|-61.89|2034|Omori
July 2019 |1709.7|-460.7|-21.23|5389|Omori
February 2024 |410.4|-87.8|-17.62|1196|Shadow_Of_Mordor
January 2024 |498.2|-86.6|-14.8|1022|Shadow_Of_Mordor
December 2023 |584.7|-56.2|-8.77|1054|Shadow_Of_Mordor
November 2023 |640.9|-45.0|-6.56|1346|Shadow_Of_Mordor
October 2023 |686.0|382.0|125.65|2538|Shadow_Of_Mordor
September 2023 |304.0|-27.7|-8.34|574|Shadow_Of_Mordor
August 2023 |331.6|-167.1|-33.5|603|Shadow_Of_Mordor
July 2023 |498.7|13.9|2.87|918|Shadow_Of_Mordor
June 2023 |484.8|-270.2|-35.79|976|Shadow_Of_Mordor
May 2023 |755.0|334.6|79.59|2205|Shadow_Of_Mordor
April 2023 |420.4|-101.6|-19.46|816|Shadow_Of_Mordor
March 2023 |522.0|-462.3|-46.96|1038|Shadow_Of_Mordor
February 2023 |984.2|467.4|90.45|2796|Shadow_Of_Mordor
January 2023 |516.8|-70.7|-12.03|1062|Shadow_Of_Mordor
December 2022 |587.5|7.6|1.31|1098|Shadow_Of_Mordor
November 2022 |579.9|-781.8|-57.41|1148|Shadow_Of_Mordor
October 2022 |1361.6|632.8|86.83|4414|Shadow_Of_Mordor
September 2022 |728.8|298.8|69.5|2187|Shadow_Of_Mordor
August 2022 |430.0|-99.0|-18.71|838|Shadow_Of_Mordor
July 2022 |529.0|140.3|36.1|971|Shadow_Of_Mordor
June 2022 |388.7|-166.3|-29.97|857|Shadow_Of_Mordor
May 2022 |555.0|213.7|62.63|1458|Shadow_Of_Mordor
April 2022 |341.3|-32.5|-8.69|636|Shadow_Of_Mordor
March 2022 |373.7|-146.8|-28.2|740|Shadow_Of_Mordor
February 2022 |520.5|-152.1|-22.62|1125|Shadow_Of_Mordor
January 2022 |672.7|13.6|2.06|1482|Shadow_Of_Mordor
December 2021 |659.1|115.4|21.23|1362|Shadow_Of_Mordor
November 2021 |543.7|-256.8|-32.08|1253|Shadow_Of_Mordor
October 2021 |800.5|263.7|49.13|2476|Shadow_Of_Mordor
September 2021 |536.8|-189.2|-26.06|1147|Shadow_Of_Mordor
August 2021 |726.0|73.2|11.21|2496|Shadow_Of_Mordor
July 2021 |652.8|160.3|32.56|1494|Shadow_Of_Mordor
June 2021 |492.5|-59.5|-10.78|1199|Shadow_Of_Mordor
May 2021 |552.0|105.2|23.54|1299|Shadow_Of_Mordor
April 2021 |446.8|-223.1|-33.3|826|Shadow_Of_Mordor
March 2021 |669.8|107.7|19.17|1930|Shadow_Of_Mordor
February 2021 |562.1|-131.3|-18.93|1102|Shadow_Of_Mordor
January 2021 |693.4|-143.3|-17.13|1588|Shadow_Of_Mordor
December 2020 |836.7|143.4|20.68|1698|Shadow_Of_Mordor
November 2020 |693.3|84.5|13.87|1509|Shadow_Of_Mordor
October 2020 |608.8|27.1|4.65|1369|Shadow_Of_Mordor
September 2020 |581.8|2.2|0.38|2112|Shadow_Of_Mordor
August 2020 |579.6|95.0|19.61|1216|Shadow_Of_Mordor
July 2020 |484.5|26.9|5.88|870|Shadow_Of_Mordor
June 2020 |457.6|-80.7|-15.0|827|Shadow_Of_Mordor
May 2020 |538.3|-214.4|-28.48|1022|Shadow_Of_Mordor
April 2020 |752.8|138.0|22.45|1595|Shadow_Of_Mordor
March 2020 |614.7|145.2|30.92|2139|Shadow_Of_Mordor
February 2020 |469.5|-127.3|-21.32|965|Shadow_Of_Mordor
January 2020 |596.8|-108.4|-15.37|1260|Shadow_Of_Mordor
December 2019 |705.2|31.6|4.68|1377|Shadow_Of_Mordor
November 2019 |673.6|250.4|59.15|1795|Shadow_Of_Mordor
October 2019 |423.3|-39.1|-8.45|867|Shadow_Of_Mordor
September 2019 |462.3|-36.0|-7.22|889|Shadow_Of_Mordor
August 2019 |498.3|-41.5|-7.68|1155|Shadow_Of_Mordor
July 2019 |539.8|31.1|6.11|1050|Shadow_Of_Mordor
June 2019 |508.7|-11.9|-2.28|1002|Shadow_Of_Mordor
May 2019 |520.6|39.9|8.29|1218|Shadow_Of_Mordor
April 2019 |480.7|-138.3|-22.35|956|Shadow_Of_Mordor
March 2019 |619.1|46.4|8.1|1456|Shadow_Of_Mordor
February 2019 |572.7|-189.6|-24.87|1185|Shadow_Of_Mordor
January 2019 |762.3|-88.2|-10.37|1647|Shadow_Of_Mordor
December 2018 |850.4|-153.3|-15.28|1754|Shadow_Of_Mordor
November 2018 |1003.8|-16.8|-1.64|2405|Shadow_Of_Mordor
October 2018 |1020.5|232.9|29.57|2618|Shadow_Of_Mordor
September 2018 |787.6|-39.2|-4.74|2610|Shadow_Of_Mordor
August 2018 |826.8|-22.6|-2.66|2088|Shadow_Of_Mordor
July 2018 |849.4|-54.1|-5.98|1622|Shadow_Of_Mordor
June 2018 |903.4|-157.4|-14.84|1959|Shadow_Of_Mordor
May 2018 |1060.8|265.0|33.3|4995|Shadow_Of_Mordor
April 2018 |795.8|-176.5|-18.16|1544|Shadow_Of_Mordor
March 2018 |972.3|-238.5|-19.7|2034|Shadow_Of_Mordor
February 2018 |1210.8|-67.8|-5.3|2948|Shadow_Of_Mordor
January 2018 |1278.6|-302.1|-19.11|2842|Shadow_Of_Mordor
December 2017 |1580.7|-807.0|-33.8|3156|Shadow_Of_Mordor
November 2017 |2387.6|-2566.3|-51.8|5843|Shadow_Of_Mordor
October 2017 |4953.9|2347.7|90.08|10684|Shadow_Of_Mordor
September 2017 |2606.2|-229.1|-8.08|7586|Shadow_Of_Mordor
August 2017 |2835.3|-5931.9|-67.66|5498|Shadow_Of_Mordor
July 2017 |8767.2|4650.1|112.94|29572|Shadow_Of_Mordor
June 2017 |4117.2|2553.4|163.28|19467|Shadow_Of_Mordor
May 2017 |1563.8|-891.6|-36.31|3075|Shadow_Of_Mordor
April 2017 |2455.4|-1208.0|-32.97|6221|Shadow_Of_Mordor
March 2017 |3663.3|2352.8|179.54|11247|Shadow_Of_Mordor
February 2017 |1310.5|-336.4|-20.43|3591|Shadow_Of_Mordor
January 2017 |1646.9|-6.8|-0.41|3812|Shadow_Of_Mordor
December 2016 |1653.7|117.6|7.66|3130|Shadow_Of_Mordor
November 2016 |1536.1|-200.6|-11.55|3933|Shadow_Of_Mordor
October 2016 |1736.7|-609.9|-25.99|3970|Shadow_Of_Mordor
September 2016 |2346.5|46.3|2.01|7649|Shadow_Of_Mordor
August 2016 |2300.2|-356.5|-13.42|5626|Shadow_Of_Mordor
July 2016 |2656.7|1125.7|73.53|7784|Shadow_Of_Mordor
June 2016 |1531.0|80.1|5.52|4787|Shadow_Of_Mordor
May 2016 |1450.9|-22.3|-1.52|4061|Shadow_Of_Mordor
April 2016 |1473.2|46.8|3.28|4086|Shadow_Of_Mordor
March 2016 |1426.4|-500.3|-25.97|3150|Shadow_Of_Mordor
February 2016 |1926.7|-101.9|-5.03|4466|Shadow_Of_Mordor
January 2016 |2028.6|-97.2|-4.57|5131|Shadow_Of_Mordor
December 2015 |2125.8|-326.9|-13.33|5413|Shadow_Of_Mordor
November 2015 |2452.7|446.3|22.25|6060|Shadow_Of_Mordor
October 2015 |2006.3|-512.1|-20.33|5042|Shadow_Of_Mordor
September 2015 |2518.4|619.1|32.6|9855|Shadow_Of_Mordor
August 2015 |1899.3|627.5|49.34|5098|Shadow_Of_Mordor
July 2015 |1271.8|-419.1|-24.79|2551|Shadow_Of_Mordor
June 2015 |1690.9|-186.0|-9.91|3957|Shadow_Of_Mordor
May 2015 |1876.9|94.5|5.3|4873|Shadow_Of_Mordor
April 2015 |1782.4|-231.1|-11.48|7446|Shadow_Of_Mordor
March 2015 |2013.5|140.2|7.49|5866|Shadow_Of_Mordor
February 2015 |1873.3|-1951.2|-51.02|4182|Shadow_Of_Mordor
January 2015 |3824.5|-235.8|-5.81|11409|Shadow_Of_Mordor
December 2014 |4060.4|92.8|2.34|12933|Shadow_Of_Mordor
November 2014 |3967.6|-10502.1|-72.58|9999|Shadow_Of_Mordor
October 2014 |14469.6|13929.2|2577.66|48518|Shadow_Of_Mordor
September 2014 |540.4|517.3|2237.67|33928|Shadow_Of_Mordor
February 2024 |2022.1|-155.6|-7.14|3737|Skyrim
January 2024 |2177.7|98.7|4.75|3875|Skyrim
December 2023 |2079.0|80.0|4.0|3628|Skyrim
November 2023 |1999.1|-20.3|-1.01|3635|Skyrim
October 2023 |2019.4|-87.5|-4.15|3637|Skyrim
September 2023 |2106.8|-116.2|-5.23|3707|Skyrim
August 2023 |2223.1|-35.2|-1.56|3876|Skyrim
July 2023 |2258.3|-2.9|-0.13|3915|Skyrim
June 2023 |2261.2|-33.5|-1.46|3854|Skyrim
May 2023 |2294.7|-125.1|-5.17|3932|Skyrim
April 2023 |2419.7|-51.3|-2.07|4296|Skyrim
March 2023 |2471.0|-386.7|-13.53|4500|Skyrim
February 2023 |2857.7|-310.9|-9.81|5229|Skyrim
January 2023 |3168.5|43.3|1.38|5557|Skyrim
December 2022 |3125.3|189.7|6.46|5215|Skyrim
November 2022 |2935.6|75.8|2.65|5374|Skyrim
October 2022 |2859.8|64.3|2.3|5004|Skyrim
September 2022 |2795.4|-295.3|-9.55|4994|Skyrim
August 2022 |3090.7|19.6|0.64|5160|Skyrim
July 2022 |3071.1|-234.2|-7.09|4975|Skyrim
June 2022 |3305.3|17.5|0.53|5715|Skyrim
May 2022 |3287.8|-55.4|-1.66|5626|Skyrim
April 2022 |3343.2|-8.8|-0.26|5938|Skyrim
March 2022 |3352.1|-473.4|-12.37|5964|Skyrim
February 2022 |3825.5|-715.7|-15.76|6813|Skyrim
January 2022 |4541.2|12.3|0.27|7621|Skyrim
December 2021 |4528.9|-139.5|-2.99|7646|Skyrim
November 2021 |4668.4|394.4|9.23|8317|Skyrim
October 2021 |4273.9|-309.3|-6.75|7356|Skyrim
September 2021 |4583.2|-363.4|-7.35|7793|Skyrim
August 2021 |4946.7|251.4|5.35|8311|Skyrim
July 2021 |4695.3|406.9|9.49|7592|Skyrim
June 2021 |4288.4|-593.3|-12.15|7043|Skyrim
May 2021 |4881.7|-415.6|-7.85|8498|Skyrim
April 2021 |5297.3|-170.4|-3.12|8979|Skyrim
March 2021 |5467.7|-528.7|-8.82|9661|Skyrim
February 2021 |5996.4|-286.4|-4.56|10565|Skyrim
January 2021 |6282.8|483.6|8.34|10446|Skyrim
December 2020 |5799.2|-366.7|-5.95|9478|Skyrim
November 2020 |6165.9|229.3|3.86|10453|Skyrim
October 2020 |5936.6|-258.7|-4.18|10084|Skyrim
September 2020 |6195.3|-660.6|-9.64|10280|Skyrim
August 2020 |6855.9|-85.7|-1.23|10891|Skyrim
July 2020 |6941.6|-580.7|-7.72|10899|Skyrim
June 2020 |7522.3|-1143.1|-13.19|12658|Skyrim
May 2020 |8665.4|-1367.9|-13.63|14753|Skyrim
April 2020 |10033.4|1482.1|17.33|15975|Skyrim
March 2020 |8551.2|843.0|10.94|16711|Skyrim
February 2020 |7708.2|-503.2|-6.13|13674|Skyrim
January 2020 |8211.5|714.8|9.54|14280|Skyrim
December 2019 |7496.6|333.2|4.65|12895|Skyrim
November 2019 |7163.4|188.5|2.7|12631|Skyrim
October 2019 |6974.9|-176.8|-2.47|12307|Skyrim
September 2019 |7151.7|-935.7|-11.57|12652|Skyrim
August 2019 |8087.4|55.3|0.69|13391|Skyrim
July 2019 |8032.1|-982.6|-10.9|13036|Skyrim
June 2019 |9014.8|17.7|0.2|14834|Skyrim
May 2019 |8997.0|-11.5|-0.13|15807|Skyrim
April 2019 |9008.5|-281.2|-3.03|16520|Skyrim
March 2019 |9289.7|-505.7|-5.16|16266|Skyrim
February 2019 |9795.4|-1223.9|-11.11|18311|Skyrim
January 2019 |11019.3|697.4|6.76|19014|Skyrim
December 2018 |10321.9|471.1|4.78|17633|Skyrim
November 2018 |9850.9|-410.6|-4.0|17449|Skyrim
October 2018 |10261.5|481.7|4.93|18762|Skyrim
September 2018 |9779.8|-873.9|-8.2|17617|Skyrim
August 2018 |10653.7|-1198.8|-10.11|17098|Skyrim
July 2018 |11852.5|-530.3|-4.28|18967|Skyrim
June 2018 |12382.7|646.4|5.51|20681|Skyrim
May 2018 |11736.3|-418.2|-3.44|20037|Skyrim
April 2018 |12154.5|-444.2|-3.53|21667|Skyrim
March 2018 |12598.8|-644.1|-4.86|22391|Skyrim
February 2018 |13242.9|-1602.1|-10.79|24448|Skyrim
January 2018 |14845.0|386.0|2.67|25431|Skyrim
December 2017 |14459.0|1138.0|8.54|24980|Skyrim
November 2017 |13321.0|-260.0|-1.91|23544|Skyrim
October 2017 |13581.0|-927.5|-6.39|25353|Skyrim
September 2017 |14508.5|-1767.3|-10.86|26364|Skyrim
August 2017 |16275.7|-354.9|-2.13|26334|Skyrim
July 2017 |16630.7|0.5|0.0|26705|Skyrim
June 2017 |16630.1|1039.3|6.67|27568|Skyrim
May 2017 |15590.8|-750.7|-4.59|27799|Skyrim
April 2017 |16341.5|-640.0|-3.77|28616|Skyrim
March 2017 |16981.5|-1960.5|-10.35|31674|Skyrim
February 2017 |18942.1|-2228.5|-10.53|34531|Skyrim
January 2017 |21170.5|-2660.6|-11.16|36822|Skyrim
December 2016 |23831.1|-4240.4|-15.11|44326|Skyrim
November 2016 |28071.5|4630.8|19.76|54307|Skyrim
October 2016 |23440.7|2043.4|9.55|48680|Skyrim
September 2016 |21397.2|-5049.1|-19.09|38622|Skyrim
August 2016 |26446.3|-1171.6|-4.24|44855|Skyrim
July 2016 |27617.9|1765.1|6.83|49134|Skyrim
June 2016 |25852.8|3315.7|14.71|45124|Skyrim
May 2016 |22537.1|-131.0|-0.58|40764|Skyrim
April 2016 |22668.1|-1423.9|-5.91|41568|Skyrim
March 2016 |24092.0|-2922.8|-10.82|43840|Skyrim
February 2016 |27014.8|-4253.3|-13.6|48970|Skyrim
January 2016 |31268.1|1570.5|5.29|60553|Skyrim
December 2015 |29697.6|6121.4|25.96|53967|Skyrim
November 2015 |23576.2|416.5|1.8|49640|Skyrim
October 2015 |23159.7|1101.2|4.99|43501|Skyrim
September 2015 |22058.5|-2792.6|-11.24|39905|Skyrim
August 2015 |24851.1|-1383.2|-5.27|40060|Skyrim
July 2015 |26234.4|-911.3|-3.36|44516|Skyrim
June 2015 |27145.7|-3190.0|-10.52|47740|Skyrim
May 2015 |30335.7|1380.5|4.77|62658|Skyrim
April 2015 |28955.2|2623.0|9.96|90780|Skyrim
March 2015 |26332.1|-2819.7|-9.67|51015|Skyrim
February 2015 |29151.8|-6056.4|-17.2|56609|Skyrim
January 2015 |35208.2|3453.5|10.88|69249|Skyrim
December 2014 |31754.7|6430.5|25.39|61315|Skyrim
November 2014 |25324.2|-92.3|-0.36|47190|Skyrim
October 2014 |25416.5|-4303.4|-14.48|49175|Skyrim
September 2014 |29719.8|124.9|0.42|69218|Skyrim
August 2014 |29594.9|-5593.8|-15.9|49658|Skyrim
July 2014 |35188.7|6921.3|24.49|60211|Skyrim
June 2014 |28267.4|5365.4|23.43|64627|Skyrim
May 2014 |22902.0|-286.7|-1.24|43799|Skyrim
April 2014 |23188.7|-1366.1|-5.56|44749|Skyrim
March 2014 |24554.8|-6911.6|-21.97|47498|Skyrim
February 2014 |31466.5|-7699.3|-19.66|61572|Skyrim
January 2014 |39165.8|1947.5|5.23|78420|Skyrim
December 2013 |37218.3|13179.9|54.83|76034|Skyrim
November 2013 |24038.4|2826.4|13.32|66295|Skyrim
October 2013 |21212.0|-1971.8|-8.51|40681|Skyrim
September 2013 |23183.8|-4778.2|-17.09|45287|Skyrim
August 2013 |27962.0|2368.1|9.25|53411|Skyrim
July 2013 |25594.0|3422.4|15.44|47426|Skyrim
June 2013 |22171.6|1861.0|9.16|38785|Skyrim
May 2013 |20310.6|-434.1|-2.09|37327|Skyrim
April 2013 |20744.6|-2881.5|-12.2|40688|Skyrim
March 2013 |23626.1|-8485.3|-26.42|48233|Skyrim
February 2013 |32111.3|2922.8|10.01|67911|Skyrim
January 2013 |29188.5|3568.1|13.93|54570|Skyrim
December 2012 |25620.4|3561.5|16.15|52804|Skyrim
November 2012 |22058.9|1780.1|8.78|46165|Skyrim
October 2012 |20278.8|693.4|3.54|41939|Skyrim
September 2012 |19585.4|-8320.0|-29.82|38557|Skyrim
August 2012 |27905.4|3651.3|15.05|55230|Skyrim
February 2024|2643.0|123.1|4.89|6179|Stardew_Valley
January 2024|2519.9|189.8|8.14|4399|Stardew_Valley
December 2023|2330.1|130.0|5.91|4051|Stardew_Valley
November 2023|2200.1|-464.9|-17.44|3899|Stardew_Valley
October 2023|2664.9|178.1|7.16|4762|Stardew_Valley
September 2023|2486.9|-77.0|-3.0|4290|Stardew_Valley
August 2023|2563.9|-705.7|-21.58|4385|Stardew_Valley
July 2023|3269.7|519.5|18.89|5252|Stardew_Valley
June 2023|2750.2|-29.7|-1.07|4775|Stardew_Valley
May 2023|2779.9|-325.4|-10.48|4994|Stardew_Valley
April 2023|3105.3|29.8|0.97|5193|Stardew_Valley
March 2023|3075.5|68.4|2.27|5407|Stardew_Valley
February 2023|3007.1|-211.3|-6.57|5312|Stardew_Valley
January 2023|3218.4|600.3|22.93|5271|Stardew_Valley
December 2022|2618.2|67.5|2.64|4169|Stardew_Valley
November 2022|2550.7|3.0|0.12|4355|Stardew_Valley
October 2022|2547.7|-59.9|-2.3|4301|Stardew_Valley
September 2022|2607.6|-134.8|-4.92|4338|Stardew_Valley
August 2022|2742.4|-735.4|-21.15|4442|Stardew_Valley
July 2022|3477.8|-22.1|-0.63|5499|Stardew_Valley
June 2022|3499.9|112.7|3.33|5977|Stardew_Valley
May 2022|3387.3|-170.7|-4.8|6401|Stardew_Valley
April 2022|3557.9|724.6|25.58|5657|Stardew_Valley
March 2022|2833.3|-763.7|-21.23|4648|Stardew_Valley
February 2022|3597.0|339.6|10.43|6246|Stardew_Valley
January 2022|3257.4|-73.4|-2.2|5266|Stardew_Valley
December 2021|3330.8|-0.1|-0.0|4952|Stardew_Valley
November 2021|3330.8|-298.8|-8.23|5305|Stardew_Valley
October 2021|3629.6|589.1|19.38|5776|Stardew_Valley
September 2021|3040.5|-432.9|-12.46|5515|Stardew_Valley
August 2021|3473.4|491.6|16.49|5066|Stardew_Valley
July 2021|2981.8|-590.9|-16.54|4923|Stardew_Valley
June 2021|3572.7|781.1|27.98|5663|Stardew_Valley
May 2021|2791.6|-348.4|-11.1|4896|Stardew_Valley
April 2021|3140.0|-301.1|-8.75|5711|Stardew_Valley
March 2021|3441.1|-924.2|-21.17|6516|Stardew_Valley
February 2021|4365.3|795.1|22.27|7971|Stardew_Valley
January 2021|3570.2|4.3|0.12|6809|Stardew_Valley
December 2020|3565.9|816.4|29.69|6227|Stardew_Valley
November 2020|2749.5|285.0|11.56|5798|Stardew_Valley
October 2020|2464.5|-632.2|-20.41|4172|Stardew_Valley
September 2020|3096.7|-449.6|-12.68|5081|Stardew_Valley
August 2020|3546.3|10.1|0.29|5513|Stardew_Valley
July 2020|3536.2|-1013.6|-22.28|5711|Stardew_Valley
June 2020|4549.8|-1073.1|-19.08|8398|Stardew_Valley
May 2020|5623.0|17.4|0.31|10516|Stardew_Valley
April 2020|5605.5|87.1|1.58|9866|Stardew_Valley
March 2020|5518.4|1374.2|33.16|9735|Stardew_Valley
February 2020|4144.2|-277.1|-6.27|6709|Stardew_Valley
January 2020|4421.3|229.2|5.47|7021|Stardew_Valley
December 2019|4192.1|-83.3|-1.95|7177|Stardew_Valley
November 2019|4275.4|-2898.7|-40.4|7649|Stardew_Valley
October 2019|7174.1|-3682.9|-33.92|19282|Stardew_Valley
September 2019|10857.1|-1354.9|-11.09|19528|Stardew_Valley
August 2019|12212.0|-7487.2|-38.01|20265|Stardew_Valley
July 2019|19699.2|-15133.0|-43.45|42052|Stardew_Valley
June 2019|34832.2|21384.2|159.01|80287|Stardew_Valley
May 2019|13448.0|-11069.6|-45.15|28233|Stardew_Valley
April 2019|24517.6|14667.6|148.91|59333|Stardew_Valley
March 2019|9850.0|1136.3|13.04|44256|Stardew_Valley
February 2019|8713.8|328.1|3.91|16798|Stardew_Valley
January 2019|8385.6|766.6|10.06|16585|Stardew_Valley
December 2018|7619.0|1058.8|16.14|16548|Stardew_Valley
November 2018|6560.3|961.2|17.17|12946|Stardew_Valley
October 2018|5599.0|-1680.0|-23.08|9892|Stardew_Valley
September 2018|7279.0|1698.9|30.45|13833|Stardew_Valley
August 2018|5580.1|-3270.5|-36.95|9224|Stardew_Valley
July 2018|8850.6|-580.2|-6.15|14474|Stardew_Valley
June 2018|9430.8|1374.9|17.07|17063|Stardew_Valley
May 2018|8055.9|1332.3|19.81|26724|Stardew_Valley
April 2018|6723.6|-1153.4|-14.64|11831|Stardew_Valley
March 2018|7877.1|925.5|13.31|15599|Stardew_Valley
February 2018|6951.5|-1007.2|-12.66|12875|Stardew_Valley
January 2018|7958.8|92.9|1.18|14723|Stardew_Valley
December 2017|7865.8|-601.8|-7.11|13769|Stardew_Valley
November 2017|8467.6|2350.4|38.42|18854|Stardew_Valley
October 2017|6117.2|333.6|5.77|11901|Stardew_Valley
September 2017|5783.6|-571.7|-9.0|10113|Stardew_Valley
August 2017|6355.3|-3386.3|-34.76|10483|Stardew_Valley
July 2017|9741.5|2485.0|34.25|17654|Stardew_Valley
June 2017|7256.5|1424.9|24.43|15238|Stardew_Valley
May 2017|5831.7|-1016.0|-14.84|10136|Stardew_Valley
April 2017|6847.7|-1192.1|-14.83|12665|Stardew_Valley
March 2017|8039.8|1425.1|21.54|19286|Stardew_Valley
February 2017|6614.7|-2500.0|-27.43|11971|Stardew_Valley
January 2017|9114.7|1804.8|24.69|18099|Stardew_Valley
December 2016|7309.9|1738.4|31.2|16062|Stardew_Valley
November 2016|5571.5|-661.7|-10.62|12446|Stardew_Valley
October 2016|6233.1|-2419.8|-27.97|12956|Stardew_Valley
September 2016|8652.9|3128.7|56.64|18784|Stardew_Valley
August 2016|5524.2|-1881.7|-25.41|9480|Stardew_Valley
July 2016|7405.8|1353.3|22.36|15058|Stardew_Valley
June 2016|6052.5|494.3|8.89|12360|Stardew_Valley
May 2016|5558.2|-897.3|-13.9|10762|Stardew_Valley
April 2016|6455.6|-1574.8|-19.61|12387|Stardew_Valley
March 2016|8030.3|-718.9|-8.22|19014|Stardew_Valley
February 2016|8749.3|-95.9|-1.08|16127|Stardew_Valley
January 2016|8845.1|399.9|4.73|17772|Stardew_Valley
December 2015|8445.3|260.1|3.18|15408|Stardew_Valley
November 2015|8185.1|1117.3|15.81|16804|Stardew_Valley
October 2015|7067.9|925.1|15.06|14744|Stardew_Valley
September 2015|6142.8|-1496.5|-19.59|15346|Stardew_Valley
August 2015|7639.3|-464.8|-5.74|15419|Stardew_Valley
July 2015|8104.1|-186.3|-2.25|15088|Stardew_Valley
June 2015|8290.3|2629.3|46.44|17472|Stardew_Valley
May 2015|5661.1|-1841.3|-24.54|10242|Stardew_Valley
April 2015|7502.4|-1570.6|-17.31|15930|Stardew_Valley
March 2015|9073.0|2288.8|33.74|21917|Stardew_Valley
February 2015|6784.3|-863.5|-11.29|14115|Stardew_Valley
January 2015|7647.8|-234.8|-2.98|16789|Stardew_Valley
December 2014|7882.6|866.0|12.34|15743|Stardew_Valley
November 2014|7016.6|-4106.8|-36.92|15119|Stardew_Valley
October 2014|11123.4|-2555.1|-18.68|25558|Stardew_Valley
September 2014|13678.4|-3586.0|-20.77|32832|Stardew_Valley
August 2014|17264.4|2856.5|19.83|67322|Stardew_Valley
July 2014|14408.0|2711.8|23.19|30875|Stardew_Valley
June 2014|11696.1|5107.6|77.52|37558|Stardew_Valley
May 2014|6588.5|-280.9|-4.09|12169|Stardew_Valley
April 2014|6869.4|-1065.7|-13.43|13248|Stardew_Valley
March 2014|7935.1|-6403.5|-44.66|18448|Stardew_Valley
February 2014|14338.6|2355.1|19.65|47105|Stardew_Valley
January 2014|11983.5|25.6|0.21|28057|Stardew_Valley
December 2013|11957.9|4062.8|51.46|25836|Stardew_Valley
November 2013|7895.1|-3209.5|-28.9|17302|Stardew_Valley
October 2013|11104.5|703.3|6.76|23777|Stardew_Valley
September 2013|10401.2|-3382.9|-24.54|20874|Stardew_Valley
August 2013|13784.2|-6934.2|-33.47|28306|Stardew_Valley
July 2013|20718.4|7752.6|59.79|49680|Stardew_Valley
June 2013|12965.8|-116.0|-0.89|27818|Stardew_Valley
May 2013|13081.8|4600.4|54.24|40649|Stardew_Valley
April 2013|8481.3|1359.3|19.09|17604|Stardew_Valley
March 2013|7122.0|-3825.6|-34.94|16153|Stardew_Valley
February 2013|10947.6|-3712.1|-25.32|25383|Stardew_Valley
January 2013|14659.7|-112.9|-0.76|28507|Stardew_Valley
December 2012|14772.7|-997.5|-6.33|28993|Stardew_Valley
November 2012|15770.1|-16196.0|-50.67|31391|Stardew_Valley
October 2012|31966.2|-29276.6|-47.8|68559|Stardew_Valley
February 2024|747.8|-286.9|-27.72|1192|Undertale
January 2024|1034.7|66.1|6.83|2033|Undertale
December 2023|968.6|180.0|22.82|2035|Undertale
November 2023|788.6|0.2|0.03|1864|Undertale
October 2023|788.4|-53.5|-6.36|1550|Undertale
September 2023|841.9|-247.5|-22.72|1495|Undertale
August 2023|1089.4|-176.5|-13.94|2010|Undertale
July 2023|1265.8|593.5|88.26|2068|Undertale
June 2023|672.4|32.5|5.08|1488|Undertale
May 2023|639.9|-152.7|-19.27|1174|Undertale
April 2023|792.6|-123.6|-13.49|1448|Undertale
March 2023|916.3|201.3|28.16|2190|Undertale
February 2023|714.9|-122.0|-14.58|1178|Undertale
January 2023|837.0|226.8|37.17|1529|Undertale
December 2022|610.2|52.2|9.35|1031|Undertale
November 2022|558.0|-58.2|-9.44|962|Undertale
October 2022|616.2|-1.4|-0.22|1017|Undertale
September 2022|617.6|-20.2|-3.17|1049|Undertale
August 2022|637.8|-40.5|-5.97|886|Undertale
July 2022|678.3|-30.5|-4.3|893|Undertale
June 2022|708.7|48.1|7.28|1046|Undertale
May 2022|660.6|-12.4|-1.84|1049|Undertale
April 2022|673.1|-2.6|-0.38|1082|Undertale
March 2022|675.6|-221.7|-24.71|1095|Undertale
February 2022|897.4|-234.9|-20.75|1543|Undertale
January 2022|1132.3|170.4|17.71|2075|Undertale
December 2021|961.9|175.9|22.39|2097|Undertale
November 2021|785.9|-322.5|-29.09|1361|Undertale
October 2021|1108.4|131.1|13.41|2121|Undertale
September 2021|977.3|125.2|14.69|1983|Undertale
August 2021|852.1|-351.8|-29.22|1150|Undertale
July 2021|1203.9|301.1|33.35|2263|Undertale
June 2021|902.8|161.1|21.72|2496|Undertale
May 2021|741.7|-47.9|-6.07|1159|Undertale
April 2021|789.7|-126.4|-13.8|1244|Undertale
March 2021|916.1|-194.9|-17.54|1463|Undertale
February 2021|1111.0|-292.9|-20.86|1544|Undertale
January 2021|1403.9|355.4|33.9|2682|Undertale
December 2020|1048.4|224.2|27.2|2426|Undertale
November 2020|824.2|-19.5|-2.31|1225|Undertale
October 2020|843.7|-36.3|-4.12|1422|Undertale
September 2020|880.0|-86.9|-8.99|1462|Undertale
August 2020|966.9|-403.1|-29.42|1255|Undertale
July 2020|1370.0|391.0|39.94|2221|Undertale
June 2020|979.0|56.3|6.1|2060|Undertale
May 2020|922.7|-145.8|-13.65|1213|Undertale
April 2020|1068.5|89.3|9.12|1562|Undertale
March 2020|979.2|108.0|12.39|1422|Undertale
February 2020|871.2|-90.4|-9.4|1303|Undertale
January 2020|961.6|-28.4|-2.86|1754|Undertale
December 2019|989.9|256.6|34.99|1775|Undertale
November 2019|733.3|24.0|3.38|1560|Undertale
October 2019|709.4|1.1|0.15|1264|Undertale
September 2019|708.3|81.7|13.03|1345|Undertale
August 2019|626.6|-233.9|-27.18|919|Undertale
July 2019|860.5|77.6|9.92|1475|Undertale
June 2019|782.9|155.6|24.81|1594|Undertale
May 2019|627.3|-24.6|-3.78|1143|Undertale
April 2019|651.9|-152.5|-18.96|1196|Undertale
March 2019|804.4|-131.3|-14.04|1533|Undertale
February 2019|935.8|-169.7|-15.35|1809|Undertale
January 2019|1105.5|-260.6|-19.08|2412|Undertale
December 2018|1366.1|-270.8|-16.54|2645|Undertale
November 2018|1636.9|816.4|99.5|3055|Undertale
October 2018|820.5|-50.7|-5.82|1441|Undertale
September 2018|871.2|84.2|10.7|1793|Undertale
August 2018|787.1|-176.5|-18.32|1135|Undertale
July 2018|963.6|71.5|8.01|1496|Undertale
June 2018|892.1|154.0|20.87|1708|Undertale
May 2018|738.1|-105.8|-12.53|1262|Undertale
April 2018|843.9|-151.2|-15.19|1429|Undertale
March 2018|995.1|-79.8|-7.42|1653|Undertale
February 2018|1074.8|-220.3|-17.01|1963|Undertale
January 2018|1295.2|121.2|10.33|2689|Undertale
December 2017|1174.0|75.8|6.9|2255|Undertale
November 2017|1098.1|93.3|9.28|2071|Undertale
October 2017|1004.9|-40.8|-3.9|2234|Undertale
September 2017|1045.6|-150.8|-12.6|1935|Undertale
August 2017|1196.4|-26.0|-2.12|2082|Undertale
July 2017|1222.3|-19.8|-1.59|1777|Undertale
June 2017|1242.1|85.3|7.37|1908|Undertale
May 2017|1156.8|-109.6|-8.65|2270|Undertale
April 2017|1266.5|-204.8|-13.92|2344|Undertale
March 2017|1471.3|-401.3|-21.43|2996|Undertale
February 2017|1872.5|-306.9|-14.08|3585|Undertale
January 2017|2179.5|449.3|25.97|4391|Undertale
December 2016|1730.2|270.3|18.51|4635|Undertale
November 2016|1459.9|53.6|3.81|3536|Undertale
October 2016|1406.3|-148.6|-9.56|2758|Undertale
September 2016|1555.0|-302.6|-16.29|3008|Undertale
August 2016|1857.6|-970.5|-34.32|2932|Undertale
July 2016|2828.1|322.4|12.87|5023|Undertale
June 2016|2505.7|24.2|0.98|4746|Undertale
May 2016|2481.5|-243.5|-8.94|4531|Undertale
April 2016|2725.0|-537.6|-16.48|5268|Undertale
March 2016|3262.7|-1375.3|-29.65|6106|Undertale
February 2016|4638.0|-335.5|-6.75|8996|Undertale
January 2016|4973.5|1001.8|25.22|10263|Undertale
December 2015|3971.7|476.0|13.62|10462|Undertale
November 2015|3495.7|779.6|28.7|7483|Undertale
October 2015|2716.1|1960.3|259.36|6149|Undertale
